PC1,PC2,PC3,PC4,PC5,PC6,PC7,PC8,PC9,PC10,PC11,PC12
2.6175412884546856,-1.6652017894307778,-0.15696478814770115,-0.6949405815599651,-0.5027502436099389,0.5382207954130886,1.0522313266020407,0.22482805354869753,-0.23562439289957526,-0.5890047776516634,0.6891455017179114,-6.445120473215678e-16
1.092588148184239,0.6867158921136695,-1.554818112954574,-0.9021623233110935,-0.3176814808810547,0.9823953740657169,-0.6320778360288853,-1.7268756906490519,-0.16197017074580156,-0.30850711597739383,0.06250078117345621,6.483570009242124e-15
-1.849909234239395,0.8022018324879313,0.9342269865030552,-1.1114454034809744,0.2880589777796855,1.2151349732174892,-0.7197435739488993,0.3748550271634857,-0.30509514893534645,0.6962254730451546,0.33996031674696914,3.2838078839660794e-16
1.4562265074698202,-1.2148317076965869,0.542585964133975,-0.14435867416104284,-0.6583463004880571,0.8014989335389073,-0.026276303492612563,-0.21782819814257792,-0.11794032369696279,-0.313938591324438,0.46262397173605535,-1.3981074827358827e-16
0.2799696646791388,-0.9375768835681697,1.338874516888313,1.5129972408898538,-0.9121478757901921,1.2181665972473652,-1.654030704931977,-1.5497775101689888,1.3456913381012074,0.26424942202781976,0.6793557911681649,-1.9707292417240376e-16
-0.35837997099151164,-0.8633693671813454,1.3710936451491718,-0.5579682294085827,0.08429577641121394,-1.2874917205463416,1.013552514338255,-0.4070724122127894,0.04405721148513198,-0.8395471453926373,-0.287017465154264,-1.8201607445352089e-16
1.0842748575342567,-0.37369938836315275,-0.7851292406114982,-1.7031725153928159,-0.1522109220395001,0.5128486226302844,0.4307844780596719,0.38643277459426617,0.3174604644833397,0.1608257682828884,0.32760594488764555,-1.7329283311713746e-16
-1.8797099450206396,1.2035604118924565,0.39917932770513137,-2.024428112757515,-1.4539692934968125,-0.4723313949347329,-0.15621618606899437,-0.4378030627226008,-0.34842845819687734,-0.366687026942523,-0.03719037957140351,-7.191601878961955e-17
0.45238147879218743,-1.0717468770951446,1.2261524420130512,-0.045099723287798946,-0.21707844611236682,0.7035229270697752,-0.3433871098327811,0.1424892370631373,0.010196586907960114,-0.23924358783636923,-0.3805935276013168,-1.5618051498228096e-16
0.147371080584079,0.13435358964990374,-0.17297178718933995,-1.2968192915243961,-0.4371683462246421,0.8202544564325158,-0.5237925941316331,-0.039379736385025066,0.028828748748422672,0.48917400986294163,0.13845818537675214,-1.7360400265305343e-16
2.7108704615568002,-0.3449397301836406,-1.6751111726533947,-0.720814327433337,-0.3946469430468722,0.8367699342096441,0.45525639741614465,-1.5629519742719362,-0.025045700455971646,0.6262216902981069,0.7682615772888302,-2.326495722876241e-16
0.658795278663057,-0.3103202015651979,-0.5320178223237283,-1.7910379257087734,-0.7057057731824706,-1.0902154474781518,1.6688116253921528,-0.4654096108967161,0.5834390930732394,0.02750006611242324,0.32055697054208937,-1.6975018685579749e-16
-0.21606534565630528,-0.13245315257461193,-0.3062654513541587,-1.181291760680041,2.1657476175389077,-0.1783836200503025,0.0868826136200669,0.023055248334187723,0.6383774969464656,-0.07403771437298323,-0.6651818159849426,-1.86269973910243e-16
-2.9566569749928138,1.2638432613666095,1.2205497941247159,-0.9441742577519268,-1.363286334252526,0.6722555388305633,0.7360585591913129,-0.344550513542174,0.758112958157008,0.21138154397294096,0.6229214780599291,-6.978666086184204e-18
1.1767416074133836,-1.5199619363222197,0.9022455684662036,-0.15823671966931224,1.2033282002993295,0.03345697157975508,0.4760120360802391,0.1528245989267429,-0.22950330783283218,-0.16841126821683844,-0.09939764891364974,-1.570408545981483e-16
-0.3810830279890497,0.09787287161122103,0.21479898741301817,-1.4430160568032528,-1.1276139253883541,-0.7850065055276593,0.7313084801536776,-0.6205469484014994,0.49899322037512683,0.361565612746129,-0.07133268935984773,-2.1653535875286698e-16
-0.016936298693028203,0.5957841805757946,-0.659268914926969,-1.8338970846669682,-0.24065019824968892,0.7551769145048525,-0.45848976227277877,0.04303474458768898,-0.4352440953449092,-0.2992100412805198,-0.05394750767001387,-1.702918035803103e-16
2.4409828857793383,-1.1907096901619347,-0.22031266360971516,1.2698902928371862,-0.39344315730256346,0.9562485913625957,-0.42576840550041173,-2.3940671677328735,0.5669133935351998,-0.17499858424640177,0.2795285345929798,-2.5230237766019127e-16
1.2322739852550313,-1.3247125342725738,1.1016309670299242,0.4946941465920705,-0.5336272275024502,0.8252504997277149,-0.41415472573390183,-0.5801472541277135,0.053958285915704826,0.33440088914397803,0.005997822402877609,-2.4921812603943777e-16
-1.933782356685847,0.687602538018283,1.063614650245079,-1.6205262169908783,-1.1305221384704611,-0.6448792666254021,-0.07130339808591407,-0.2154851036950234,0.023820123095975337,0.40747694241864296,-0.14806186645584712,-2.7648244038830535e-16
1.5605794541871603,-0.47491735305621413,-0.9377836461332459,-1.7644763656282603,-0.9127615038332946,-1.0825124094774152,2.053802504383463,-0.6982315399926317,0.38072951407810784,0.09409570004000749,-0.09121488115295937,-2.262673003621996e-16
-0.41655950181115564,0.028247640716611407,0.2360769934359947,-1.5682752348460365,-1.1813101038219358,-0.7794018035589975,0.8106391323964851,-0.4310710047503881,0.5453227166168335,0.3682825666323985,0.395757018459981,-1.9964170351153752e-16
0.5224591672728961,-1.4240012123833123,1.1874847999831584,-0.36717608122192713,-0.08739763004995778,0.4663512533967046,-0.002918052807595353,0.7494840632858465,0.45371389809545537,-0.4238490817927468,-0.19174114654233673,-1.9415141962069416e-17
0.5916959624754704,-1.1443678228536716,1.3418048089374406,-0.430712483291173,-0.4825183151086644,0.6880790411543677,-0.20457259195279312,0.5622411784001832,-0.5019784981790808,-0.02899218584319191,0.08911683583055717,-2.442274911103317e-16
-0.20365752876431362,-0.6516495892426134,1.3987829354796646,-0.43484552568588547,1.0490948862842566,0.2658206159409185,-0.3866930242492701,0.26931415333432257,-1.031750414566278,-0.41130612695960045,-0.3393426772983514,-9.002688096959838e-17
-0.7087875255312415,-0.5136841989380326,1.4070725539439153,-0.11034888787976488,0.7880757649206527,0.4606939995023923,-0.9016337890975656,-0.030217948916432525,-0.23577018042312117,-0.6802586288669947,-0.2036076516887953,-2.3943586658986972e-17
0.1934251619713955,-1.5893773806572995,1.9805509273988566,0.2636856841514272,1.1909749870879074,0.09338472075365824,-0.11926818362029629,0.4156986132345447,0.05144359312359052,0.5228136457946583,-0.4719850509510618,-2.4550457910492165e-16
1.6404271813133042,-1.6962099200467222,0.6507922525910996,-0.39727714070802284,-0.20092080868379006,0.4511276778480305,0.5524730257938868,0.47060145769515244,0.1791274986680562,-0.2689191655854091,0.3158551222662783,-2.4442579283789307e-16
1.1846929356823632,-1.0626080287594124,0.6764555340275485,-0.6602179407990663,-0.5305332956728814,0.6873866912949644,0.12070030762147323,0.3528149191657462,-0.6848582844145851,-0.461413348574461,0.22136958879172786,-1.4737186196375257e-16
-1.6288561579680942,-0.3531230134791243,2.123754102943435,-0.8270867878359277,-1.3965691869318797,-0.6620528287148177,0.034910403104009155,0.16035859725107957,-0.07652919987114466,-0.7648791895474348,-0.002765309326273813,-9.972459746395121e-17
-0.45055112889429916,-0.4542143235154245,1.5954916157002057,-0.6829862455737464,-0.6739377718956033,0.8935388981441237,-0.8512962357068368,0.6482918115490071,-0.9868302462997958,-0.38344884252141354,-0.09598783531290977,-8.991277342358352e-17
-1.2703885593541628,0.2351282349039532,0.3422484278246443,-1.4399947840257123,1.8818426307338154,0.12501900289093257,-0.3215146262201848,0.45465542531426956,0.11009843311877306,0.19732235225770417,0.6427377043268406,-1.638457332985703e-16
0.09631797410319327,-0.9076489939185161,1.4976279223878157,-0.6575967668008199,-1.4645152752441897,-0.7227206918533233,0.9005848144962076,-0.28651751499978734,-0.34691159925848036,-0.2976463359562139,0.3929364785005712,-2.689255075483521e-16
1.6756255603568937,4.762954837317016,0.2255781536848947,2.376469291441065,0.2906141186918797,-0.10712706332839629,-1.0867011727614069,0.002326240275521251,0.5318344968904419,0.3945482815960513,-0.26691429124083377,-3.446150295646877e-16
-0.014055100251928429,-1.1570793746206107,1.8029941007503367,0.2217521093526019,-0.30988195769354715,0.8234704229361596,-0.5564071651224748,0.29392244273292045,0.22466472838601204,0.200431688582543,-0.3437066033149466,4.039999816741439e-17
0.8943741440509204,-1.1343355245884128,1.0661251725663896,-0.09921926205176773,-0.40883460803854565,0.7180519821127547,-0.21160408932530372,0.057126610596682496,-0.24896209297857338,-0.1315927154421663,-0.36202192013409723,3.9258015217503295e-17
-1.1569187515924464,0.46601708897827,0.6283295453209045,-1.576923273481455,-0.5750788117259212,0.9158080582964994,-1.0269221601260576,0.6894222946752437,-0.14567705341631684,0.49991099811779116,-0.19460169184303003,-3.628497699273493e-16
1.5037137996208727,-1.6831007392376758,1.43724571305607,0.04845613254914482,-0.7348809583856156,0.7591922370753168,0.10688575012422596,0.25466870177204953,-0.4189399588372241,0.820058107753084,0.41494931762716425,-5.939390048813246e-17
1.4771012592972126,0.4667157899331058,-1.6185866504585005,-2.2457534862813415,-0.27567864764522576,0.6562282222200231,0.4464017918890135,-0.14122329215101487,-1.1848827955431471,-0.5266273990766602,-0.034839553437884974,-1.5197658104612083e-16
-0.014759149897131448,-0.9753190116361731,1.1436963558894855,-0.32566532647592045,1.938777803339028,-0.13255182078095287,-0.006362203317997881,0.2441292277934955,-0.3990592612649629,-0.6749480834719268,-0.41372136886796457,-1.7856413774273593e-16
-0.9660973698609222,1.0170015970641855,-0.5942413630344975,-2.058303372837052,-0.8599222422412582,-0.7454191411449717,0.5196623596081485,-0.8164461286290823,0.09022353074058335,-1.0624002473051002,-0.24500359338558314,-1.1092426415708883e-16
-0.8727490453544183,0.02849699881471894,0.4165644261574738,-1.2469533408466191,2.040478399951255,-0.06680270019230636,-0.27622541190581973,0.3158623142377323,0.017920000881190105,0.491259507285327,-0.18546703915124907,-2.639715257559869e-16
-0.04372749243391496,-0.07700942589667605,-0.2477936323849415,-1.6134091488223143,0.1781910498179022,0.4571461728627906,-0.15776810006435749,0.5394334028996597,0.5054641370485526,0.03902824039857335,-0.16198497593936137,-2.0627994129238432e-16
2.647572227071531,-5.333424174400261,4.86956489315576,3.016298358472755,-0.6113072191670702,0.3348626671741608,0.7003024938880353,0.9694408367188493,2.758534316304965,5.862524327116987,0.401940579748553,1.7889393693084853e-16
-1.2821223544577214,0.3074172067422916,0.5671496789064504,-1.2824828563773818,1.801912804609221,0.23714574723818424,-0.36099914874330835,0.36038418496728974,-0.20274319882250516,0.5043218929048499,0.2539892219620033,-2.3733350789146085e-16
0.017802246621238124,0.22744857328572243,-0.11325808123324431,-0.9576704823430302,1.1401237815452525,0.3514592776516078,-0.35128935969026975,-0.49951310071283017,-0.32005764716968155,0.5443818905770091,-0.6714828909281796,-2.1025818811010364e-17
-1.7337143415759004,0.7519307252624923,1.0648450569227284,-1.6337060660325025,-1.0210872770135921,-0.6492033469808661,0.04948325292743335,-0.32149112350728976,-0.4805776474885914,0.5926723430001137,-0.23747448605835822,-9.5048348285833e-17
-1.29038919740872,-0.333973842016372,1.9999620882324098,-0.7731130635044948,-1.3843105561594349,-0.6208941891429804,0.20281352074383358,-0.03432427085862321,-0.3904421085892623,-0.6439247232838653,-0.0969010625207393,-5.2177000498421027e-17
2.586038132002909,3.8675460648465365,-0.40391276022662737,1.9042325034420962,-0.39480369116475866,0.5832518120574266,-0.6687781908843828,-1.2058397052543985,-0.8013229334746285,0.8747132398297387,-1.1604778647982226,-7.223071510749246e-16
0.9887164966312783,-1.4994799011806779,1.4625071384720791,-0.12033899017110082,-0.5711286983147429,0.6715074466941683,-0.05727740581642858,0.49037910122623274,-0.19410420392107722,0.3667623400721418,-0.17814056617245955,-6.963714815389514e-17
1.7790268604303923,-0.8555156325220149,-1.1130283233990073,-1.2542139506575907,1.7817394237359598,-0.2878218634227711,1.1457147082869041,-0.08328896150054844,0.6246637115253245,0.15626362089056955,-0.7141384713969873,-1.6933661148822668e-16
-2.7431017136403564,1.438373513525992,1.5095678510802826,-1.7526286668640587,-1.9909771657401916,0.08851801402532893,-0.46271416172388397,-0.1712344417096439,-0.9832379326518133,0.6315964583559486,0.3566006495097071,-2.1388962156230942e-16
-0.3183731800994965,0.1468884097899526,0.35184394876809916,-1.6130597720154687,-1.0435688773034446,-0.8345402422533577,0.857441177895417,-0.45435838197738737,-0.08392925881765148,0.5576928428193643,-0.2520468666771451,-2.605571663757047e-16
2.8524545372141015,-1.8969839876519554,-0.3649055311041941,-0.6177879963591958,0.27132796104130386,0.22808746139031189,1.419139997025575,0.14578569373034653,0.029806557185150247,-0.6971163032802072,0.8006969559445775,-1.4659119896061478e-16
-0.0709166988432057,-0.04084993221870097,-0.11838692674901669,-1.1761887885321687,-0.026118294031134415,0.6320518425798419,-0.49969608669863175,0.059088389464234115,0.6425432525983037,0.3379830208190351,-0.014043481624701233,3.6134795399627044e-17
0.5428524188328024,-0.9358307755577222,1.4107909082278818,-0.2513289297769494,-0.3966172801072835,0.7963815183865934,-0.2203469936310051,0.328460492627981,-0.8103020645238341,0.04915854609018556,-0.6113024484370202,-6.659179380321747e-17
0.38646583531875517,-1.2583144614466972,1.2487175028903135,-0.2962977299844781,-0.4878222877980932,0.670931023700222,-0.2958303477139877,0.5891722430759112,0.36517829550198727,-0.3618992521425183,-0.021774563417334802,-9.109555026224686e-17
0.6320098655017249,-1.0101351181083245,0.9106902287744,-0.6975187531950248,-0.4839996266963592,0.672662860230553,-0.09971513135586042,0.5939115606761496,-0.37566686871396904,-0.5907877700957951,0.21797114077811233,-1.2333971815055303e-16
1.2527239451545116,-1.1901482583214515,0.5928245697824434,-0.6017573958348819,-0.03477761476858711,0.46480570316959674,0.29390862478510504,0.34198516971071596,-0.4633193099722144,-0.576875114783506,-0.078041101934636,-2.0395669071800527e-16
2.2907579038047774,1.5160099758279748,1.284378807066677,2.7285090701695287,-0.5377923135468087,0.18014829930089069,-1.3373999377101649,-0.7908442442382203,0.3490234672304141,0.31440036057258414,-0.025853761549467842,-4.556306514433415e-16
-2.294666051336116,1.0709137365700747,1.1480987434947243,-1.3566887393243234,-0.9170227189397508,1.8681177737091017,-0.7403374877070887,0.9080677795438692,-0.2671947860204651,0.5911349091049436,0.3795773828219215,-1.9837964165771617e-16
1.914111309221338,-1.3214996483649037,0.10670379478241007,-0.17449375810095036,0.8007847548000806,0.21008933642504893,0.5757026666190018,-0.44985110726485905,-0.3703480339869126,-0.6009373860697275,-0.14553353027562257,-7.867087440400286e-17
-0.2509258652826925,-0.6637472695583679,1.3914100567558902,-0.40535096477502947,1.089149138164005,0.2542465968082785,-0.3985238994995074,0.26554009011196583,-0.9043852019638919,-0.4619525155934147,-0.3708928248025399,-1.7996323241468963e-16
-1.1559040256172637,0.3676531421690885,0.3283496824956351,-1.5789388007240168,-0.23069558162685874,0.7755792827286563,-0.8434729429096168,0.7007081010317338,0.46134097485245673,0.05243161891432484,-0.23352125277157712,-1.1786003721625933e-16
1.0860623711765425,-0.9880688619873578,0.2089506153133465,0.5802330172278093,0.7231773785312022,0.4828020846980251,-0.3944764053099234,-1.3323553060245892,0.552541841011386,-0.7784208277560917,0.1989619241981193,-2.9580499191235955e-16
-0.981089509277875,4.903228014524141,0.5050436583401642,2.353607771479567,-0.4549471465301221,0.7139018511618619,1.9311172624351247,-1.0065501967540484,1.57746530156094,-0.4480395409196535,-0.3169399569426389,-2.4968970420786008e-17
-0.854454166319637,0.08861419971314331,0.44720112822615954,-1.3455166539246002,1.1913898031995926,0.2000396687841237,-0.4668987280000487,0.47021201021673903,0.0816946765882086,0.4658478443848311,-0.441917601435906,1.0117230588775134e-16
-1.394459417309475,0.8651255505963478,0.5918054964648695,-0.791654520343687,-1.3181838233133925,-0.35864151809861944,-0.45492514064448425,-1.6175620669102484,0.25177265329005233,0.5035846850641336,-0.04671399889096486,-1.4468245334292403e-16
0.4324432628121879,-1.0307141096501096,0.9641032326600296,-0.4395300295805235,1.2001022484865862,0.10541779439410195,0.08975306829115064,0.2744809620903371,-0.5060029953811489,-0.599356135269497,-0.1732808615669227,-1.0980056791948754e-16
2.135377862051568,-0.7148552526078354,0.26447581905101675,-0.2072580977472776,-1.0259283039822498,1.0727443244304402,-0.04739095562557886,-0.9042624560537434,-1.7828005070964614,0.0327127154238023,0.38813548721633295,-2.8707003634099756e-16
-0.8442243789659555,0.4466732491076982,0.440196608307906,-1.5739470540424028,-0.8619890105689823,-0.7648799203196862,0.6487511481317774,-0.5228866980382639,-0.09655132557321812,0.3357736606893033,-0.4898349704498846,-1.977576367153457e-16
-1.3158509252700388,0.5856272608012628,0.13086104330721834,-1.588562653331067,-0.12682217284639952,0.7993274903169312,-0.976771096018357,0.4939095661356357,0.4860163378724938,-0.2612301092753834,-0.19692323123125888,-9.853339529158816e-17
0.13486874457364526,0.007015597710280258,-0.5050323561887843,-1.7002608661212755,-0.8002199207515918,-0.947104379730994,1.219322570991014,-0.6922547118378155,0.7102085645597521,-0.20638428145658133,0.4819978044177559,-8.365369838537377e-17
0.6646525202890166,0.2560295821844777,-1.3620555730351322,-2.119817822782362,0.7281436588602165,0.26578102531135966,0.39585609034356034,0.17089487768232073,-0.1456571102354224,-0.8481659483470962,0.04617893214775278,-3.7460806509054924e-16
2.784016640694836,-1.6317195828023972,0.265046939600626,0.8160448740616463,0.1963786010366236,0.5811874143143534,0.3712927590019171,-1.5054353723663734,-0.350648747768024,0.5349970721912972,0.3479550219537782,-3.548463445148733e-17
-0.9140611461087081,0.44284466848230947,0.24251123288689902,-1.2464770088220483,0.5333823995050514,-1.2488697450139807,0.6407663089265004,-1.1158765346611406,0.04332253397617558,0.17171013309781527,-0.4250258466595282,-1.9636092031462034e-16
0.7969021899655279,0.5047191945906218,-1.175858021705966,0.00644325758747651,-0.011621623248562812,1.0457382167395115,-0.9270841286010779,-2.261880080951634,0.7715360069011433,0.05016697709634419,-0.5380260337137275,-2.41625714037936e-16
2.0704244074094866,-0.4094061978424712,-0.31241025336041345,1.1766634172486983,-0.22174343112231268,0.7826953313939482,-0.6565170003677328,-2.0941953023915816,0.503959461073445,-0.7820766309630923,0.3089388377493868,-1.284323104248247e-16
-0.6727216329277061,-0.8107571001701049,1.4764200172192279,-0.7408339684078755,-0.5035520132118096,0.7015618190261358,-0.7296484805175154,1.05695916254605,0.25126875613191996,-0.8554928323502118,0.12167510356795044,-1.7543871194064936e-16
0.5465166631490169,-0.8098439948321247,0.43580221590031226,0.2476726021638206,-0.5649790903496316,0.9422796600831189,-0.8198715344156023,-0.7918820940143548,0.7947421201041762,-0.9359299020370072,0.6288999320644184,-2.343679881285803e-16
-2.6452581601381375,1.6052677192222022,1.4131539608683334,-2.0888152084141747,-1.9950065700575408,-0.11306016238264215,-0.7115708724954383,-0.18164456318158834,-1.6571996902337747,0.5629980761556319,0.28825008457566376,-2.0715484016093676e-16
-1.0748841464264287,0.6857491221955618,-0.119422543995504,-1.8763437773980334,0.9855167250063585,0.3357067493829129,-0.5784781535736827,0.4360784362183877,-0.3450636940045986,-0.4080935488746518,-0.38440466060358125,-1.7031891645954916e-16
-0.39308613442161416,-2.3193110476630214,3.7976959479546575,1.8501802339854216,0.83373910875285,-1.4474675410286053,0.5106993968194521,-1.1085410956329367,0.999699511573423,2.562992418491999,-0.43763525343829374,9.101967621650893e-17
-0.4266198347368643,-1.1060416787241658,1.368465679357114,0.22140861746128312,0.5941319023835985,0.4030958556485502,-0.7870515639726476,0.049445035055744546,1.0677940448364982,-0.6324673631882707,-0.03791101361908373,-1.5486183106405812e-16
2.8963577202491293,-1.495779285358532,-0.06269919915464725,-0.4992013630256201,-0.3037537333694944,0.48376355167004526,0.9810865447015161,-0.179616630917551,-1.02937426642808,-0.24160946455853888,-0.31130289095076985,-1.310384357227022e-16
2.702828462880761,-2.0623284073569597,-0.31034135553222547,-0.5606803312484495,0.3183660018081334,0.1401234158809656,1.4006885181275612,0.327384374860833,0.6240519106640401,-0.8459721035760458,0.48454700221563834,-1.0944108928637796e-16
2.090584463685854,-1.3361168133383658,0.10602559285436243,-0.31261054436118635,0.4031710331872138,0.3022437835201078,0.6374061934679136,-0.27934594518196454,-0.5319226996109863,-0.5547960958115622,-0.4079946662779418,-1.2897361804937316e-16
2.313202733116036,2.0501803885763334,-1.2033783277507755,0.6350816618309483,-0.5676021260894764,0.5356698568615643,-0.9078852976507655,-1.5939713041361079,0.0935656122610322,0.30490195957326505,0.4560216213522962,-3.6261121279834613e-16
-0.1374634894579476,-0.7092499444085598,1.2988452602864788,-0.6147947297585424,-0.5310096102389902,0.7751173880960451,-0.6159565704833916,0.6085137761948747,-0.40054418525864816,-0.5995698542763452,-0.032119917185705865,-3.185321279048052e-16
-0.7380494728666152,-0.616082652809045,1.646598819569396,-0.750391623437352,-1.2118961821434293,-0.7773203648332557,0.5589033811341703,-0.10320496779834887,-0.06390913033663509,-0.766320838627756,-0.09676014652432116,-1.1447735998231225e-16
2.6448406280467087,-0.6007495974946515,-0.5203923872481965,1.3105619146913436,0.3691417430624148,0.5800307387149447,-0.25855448841396816,-2.411580536967634,0.21154534016599424,-0.5584898350705012,0.4613028863337749,-1.30541379907622e-16
0.01218255683105417,-0.1478759882671401,-0.02474099904210459,-1.5211041855815821,-0.2819178012584263,0.6456211028060568,-0.2668588857030702,0.5560528338822941,0.41098749081870223,0.4230023670355275,0.19378008366850946,-2.0644508280334737e-16
2.0649704514662544,-0.5003303208034225,-0.9391639603565135,-1.12936939919637,1.1649816503380432,0.09500612271258427,1.0503265397036103,-0.40511725428194784,-0.4757148816031957,0.6459552413110263,-1.5998212852388471,-1.7739641247141926e-17
4.7854356588556115,3.2930154164497494,0.17054077746784693,3.028089561779611,-0.7047416173818747,-0.47442099041051083,-0.6410526736595588,-0.5273552354889616,-0.8770411655777468,-0.20336535471302147,0.23263316206471762,-7.017926708351474e-16
0.9601654034294705,-0.2334549922697611,-0.7654522908324725,-1.7249770166676137,-0.05572840134291221,0.5134739791232331,0.34673844931016135,0.31533293256754935,0.10291400193322464,0.13496029851718816,0.29824498790447634,-2.620949014499046e-16
-1.0603103654545243,-0.21978726857006223,1.817643046371446,0.5322320150770672,-0.5397457446986738,1.6495517710677132,-0.7717192655574917,-0.19939939281124164,0.07437498239844403,-0.22099074327216606,-0.18653201169496203,-2.0120563242663068e-16
2.640507224728017,-1.9512759389953604,0.16967954285758627,-0.42600183404002634,-0.20763857261433277,0.42813572184514037,1.1309838763602522,0.24244330600686562,-0.07647747992985268,-0.12643874802400498,0.8178624027171781,-1.6693606895482182e-16
-0.7807956081771111,-0.4773374878406583,1.6239533570086861,-0.5122710383270214,-0.9711564573596697,-0.7264966801265951,0.525349393101235,-0.44807682557295136,-0.15323648132279646,-0.735008818623145,-0.2807166381618426,-2.0149468380463125e-16
0.16768554726473484,0.17607869155000666,0.04861047262467371,-1.377270433751477,-1.136603189922071,-0.7339033745066481,0.8680319632917478,-1.019001096163122,-0.22798094924097867,0.6589850806687034,0.02026796099964175,-1.6536139175441483e-16
-0.011148523518571278,-0.27480240336010753,-0.490723111845964,-1.4066341806901448,1.857159683041367,-0.17015094253065055,0.23237189837575567,0.27407330577921024,0.8599839002616115,-0.24588575858240327,-0.3887631436045521,-1.9957651759422686e-16
-0.8955963757487644,0.10481362331061965,-0.12125786165964378,-1.6080005521321656,1.6719332766687576,-0.042018671898119475,-0.23630300798765114,0.5666430404524588,0.6785803694850769,-0.4034192385011346,-0.4786649166824233,-1.4628342095181968e-16
-0.2336826710506655,-0.836369409696674,1.3868401323070534,-0.4103232330680808,0.8241699938145712,0.3055932632041278,-0.33568919316916745,0.4751543741540325,-0.41701288298360406,-0.5429426120035402,-0.388476489529289,-1.7880551855594023e-16
-0.8696302688986703,-0.8857871924697285,1.4321962222975717,-0.31676827679559244,2.3534650947287092,-0.05059076834791219,-0.07004450719318277,0.44895004974200814,-0.059600390842767685,-0.7253305837400413,1.0345029226327909,-2.888275929313614e-16
0.8680135558982399,-1.2389984707682058,0.6683567680219881,-0.56948225286548,0.16790271332039153,0.3948456753216286,0.19232823306325192,0.4679983769376085,0.04686142243097423,-0.7641932911240217,0.1523572209332373,-3.774435030688049e-17
1.1002965004523095,0.3954984310484903,0.5109446554291787,1.342685679939019,-0.7712886110183444,0.9793678913522115,-1.4734128152966797,-1.689475992259914,0.12714650470917596,-0.543597477057396,0.1334373045824207,1.2061091677622777e-16
-2.734193922135941,0.8420584661447299,2.358695286774452,0.6047192443839328,-1.6921762424313067,1.5153649518210903,1.2726260649941386,-0.7676277861843208,0.06309995547819432,-0.6414685951791258,-0.06087671305829901,-2.5016580945597287e-16
1.2146104819913857,-1.98868917828931,1.3210962606209935,-0.016669660283677872,-0.06197820142082738,0.3719126215014271,0.34690450789421196,0.6864743332359415,0.7077886952011234,0.21802530997554942,-0.15789553346827187,-1.846174581148209e-17
0.5798164474326667,-1.1602738794489844,1.1265675317920052,-0.04551647890729454,-0.2559593978484771,0.8030376469878299,0.017065377190297028,0.2966242277810664,0.2508493177570079,-0.3443384113240882,-0.55909074966067,-1.4058599346206356e-16
0.260246752638443,-0.026290443535588976,-0.29546398156038195,-1.0531881180795108,-0.15451263396206777,0.7025345361143893,-0.45684051661342295,-0.21945828225800507,0.5529838500695525,0.3768003756598524,-0.18907799389334778,-7.817636700033022e-17
-0.05265634495558569,0.0014570804542822578,0.10711170740232988,-1.4895595837295208,-0.14928705570597364,0.6301771682238934,-0.3241955080279551,0.4797630630413749,-0.009889849037995486,0.5438691264725561,-0.3496522489179741,-1.6475035847046093e-16
0.19578257594308177,-0.02541149087351313,-0.11485263332495352,-1.2794088103164845,-0.065627493478768,0.6294106342797162,-0.3164223609451108,0.11450727692334296,0.16270907489192146,0.4943273413838874,-0.3492787415180228,-1.6179630890313533e-17
0.2983839988493903,-0.29028296137187776,-0.2047531896258579,-1.4297326871709426,0.08789484317342365,0.4898082057868556,0.052175163906995045,0.5106091084408042,0.6189649040215611,0.2936931102523186,-0.4831895363302264,-1.6362496598217672e-16
-2.3569768650072622,0.7645562237854142,1.3833982258127064,-1.6964065287262473,-1.4131677911513292,-0.465675885970099,-0.20833620615239057,0.06116872369513384,-0.014068295821746507,0.547028879711095,0.2434743725008849,-2.168565032434783e-16
0.7382120949743631,-0.17202135255564308,-0.8342860804689393,-1.6864650408762583,0.9680286456521532,0.13706466951886775,0.4400779770771371,0.21066172570614983,0.1229947231997686,-0.13885362801250412,-0.21271753298286733,-2.193967875623449e-16
-0.2996858128468981,-0.9535429580513127,1.1881484443302879,-0.12609900921361755,3.243888668180373,-0.4143514394495258,0.18351258732415174,-0.07121393344314057,-0.5552460422215671,-0.5640026976496362,0.6750733607235042,-5.2220427583694085e-17
2.6620665417253706,-1.5023217975378884,-0.30070513546868677,0.07787450713547454,1.5374857984097734,-0.10729860895911067,1.0012966537356178,-0.9203957590418679,-0.4217234215822667,-0.6370297783463205,-1.0240541052937797,-1.1891994317636615e-17
-0.595139294730384,-0.1225852505248186,0.2244767506780235,-1.359514350432999,1.036306840094149,0.1995183945824097,-0.24919548161144436,0.5788687685629932,0.597232431000876,0.27096390834083806,-0.4787427192381221,-2.82895877437227e-16
-0.47011591749547016,-0.6097509809162297,1.6682305368664978,-0.7090838297149273,-1.2343584053831702,-0.7573499522689989,0.6020036151368854,-0.269971547421824,-0.5185664037955549,-0.4742264004016492,0.04161547390428482,9.42368337516162e-17
-0.8227447469819305,0.16222734474329448,0.2998862648744875,-0.996681480907815,3.4795884545989377,-0.3762477941681132,0.025718577915730387,-0.2737287375992796,-0.5899231395468009,0.6369140199402691,0.31168094861321866,-1.8046785080440656e-16
-1.6127710487667035,0.6006609897608517,0.9596074817943497,-1.7296863246455316,-1.342925320849722,-0.5929532165678889,0.17111999106487796,-0.09593774016915521,-0.09155278400951351,0.4474854677049458,-0.21796366562333272,-6.28839497328107e-18
-1.2627386782679517,-0.5915608437123863,1.9404892182953866,-0.4386502637383794,0.8640635055171224,-1.4074207941417431,0.6723087159546771,-0.4376270564570301,-0.37572525403773727,-0.573693348718961,0.10192152987751633,-1.397710451257001e-17
-0.7833764890298098,-0.30133806320226697,1.4348603319165258,1.1384068912692098,0.9801481979342144,1.0937675133683709,-0.8508127007515328,-1.255295995313745,0.32398158124230175,-0.3099656488716361,-0.20845874459846445,-2.0285938872449757e-17
0.1827200381343652,-1.2315537821069766,1.3898864702043843,-0.3612030346316007,-0.2995470975620963,0.5956352793504689,-0.3169233963643655,0.7244574675845867,0.26709461850098004,-0.3391045278743775,-0.05290386710680106,-8.310427682407183e-17
0.6711143073145346,-0.3014984856693054,-0.33815803870973016,-1.4026516474515192,0.1330212990247183,0.45613833432358186,0.1564757684678911,0.3032738938630255,0.2847457048226502,0.4245761453153086,-0.5238998838317093,-2.018202136934241e-16
-0.9735274789373739,0.9305854438361388,-0.1267818074246404,0.2303871848152816,-0.25482846159323,1.0920560523837646,-1.8151613971900271,-1.3114918070881771,1.9722258328443134,-0.07311452433061931,0.08968719114372528,-6.114175443661574e-17
0.6742517658294149,-0.9204421436984125,0.8411165130866857,-0.695813124707027,-0.32844652514402095,0.6343067379808067,-0.09173736819009154,0.4682553565742104,-0.5745295674709624,-0.6290931415569387,0.07082394650510726,2.537916916294015e-17
-0.4892868431345273,0.381221740277156,0.2343785465778194,-1.1310366575334692,-1.1888338509434855,-0.6173644899617221,0.3862371678282457,-1.1662338322843206,0.26931351175888535,0.46093289448937463,-0.26358729719786295,-2.145929006233136e-16
1.4270529387643676,-0.28279907624811607,-0.5397772430832662,-1.556755823245839,-0.39108280470732176,0.6614517881150895,0.3839731547707214,0.11058453826485368,-0.6254036158554223,0.8377352810533184,0.2029696059754112,-2.826939660727285e-16
0.34381820343468855,-0.20035084354576518,-0.12462290459041658,-1.5967325444475828,-0.40708150115307085,0.6652631642644011,-0.08782884669314622,0.564300536855943,0.16955684318374392,0.5166972807005543,0.18812971836488934,-8.019172296869725e-17
0.3262771388926128,0.2779964017414559,-0.3913028783886742,-1.465890479169107,-0.2783579379841318,0.7524328139689878,-0.34461558253539787,-0.05593449774947103,-0.33429272025010204,0.27054211267779377,-0.4359112912240279,-1.5861943728272215e-16
1.99433718762395,-1.7821102657431063,0.47894627317743793,-0.09958330216262208,1.581759975651092,-0.16662884341042167,0.9968082847162907,-0.08306879566640336,-0.284519369816385,-0.15232690540900284,-0.20610785401969642,-2.1289080717578322e-16
1.204338580060573,-0.718859176734203,0.48083048063148814,0.3941246694052129,0.7714342572693805,0.5163415875961228,-0.34832853776456685,-1.3395837397439805,-0.8506163022567711,-0.26931713295484755,-0.019342338558235146,-8.713539024345438e-17
-0.8637173077262724,-0.0065061379676004906,0.19409231864481793,-1.348482931728142,2.156203078947564,-0.13714568980078204,-0.16501873512378215,0.38534877759756314,0.32467855067375634,0.1676677438511968,-0.09587661843247482,-7.5241068906898e-17
1.27660104718918,-0.6115720681330952,-0.6850423771955426,-1.2440127209992535,1.6476598315473654,-0.15803736554519437,0.7831484567303862,-0.037372694979210745,0.18165452401779253,0.430478995919024,-0.6533323923136046,-2.4773815933401177e-16
-0.9302836134563498,-0.625320676394639,1.55908179580847,-0.5718561554452322,0.7574107527774984,0.3471198370979453,-0.6933228922976342,0.7023818443609732,-0.23884004767658815,-0.8106474395414605,-0.11425972502958591,-1.9576358327168062e-16
0.5288168593721564,-0.8093894642355737,0.9026785513941051,-0.44602960567489824,0.6480171533977508,0.3536971663771455,-0.1120503617388921,0.08081272058813661,-0.8469333801972149,-0.5601935254970443,-0.28720046163033686,-1.624522460275722e-16
-1.1549037783341147,0.24245882814514214,0.4422343006744851,-1.0044093922912314,1.7355390248119869,0.23723303187545353,-0.5564233339525686,0.008291351972948172,0.20133018248549975,0.4672682540064442,0.1398727780975168,-1.6402330809317234e-16
-0.720104048361332,-0.4907632333025304,1.443790718248563,-0.10445240688324928,-0.34545810416981865,0.9924534365374228,-0.915548747743264,0.18532759721111935,0.13614689910014985,-0.6889065496405912,-0.15960292886403266,-5.263827803198258e-17
-0.6564051300164276,0.8533288875997026,0.15086074991100937,-1.8025834939178085,-1.6715831052189096,-0.4179702624445105,0.3216813550648733,-0.8574231365503004,-0.8373693319018274,0.28580738321611254,0.3266395762895508,7.645486582141352e-18
-1.8482529434077688,0.7542377844692694,0.6261496115227332,-1.7009854521754042,0.8139133537818417,-1.2596293729176935,0.5556860648361837,-0.504687194615556,-0.3636531686495352,0.007247174215677391,0.07118710088058543,-9.50886206087189e-17
1.3307491717897921,-1.5230242884742742,1.1608510547478255,-0.3101509823704738,-0.6605200733278968,0.6981297584618544,0.1824894031423404,0.48327692504292274,-0.3595061348569957,0.26281802255810754,0.4107289722081774,-2.8594331248309837e-16
0.38955048330184044,-1.4435625972158608,1.6268617670525962,0.04261078729807003,-0.07853181057197582,0.5415037253809052,-0.29383202144423176,0.4655011295148689,0.2855312853263509,0.17122493299356192,-0.22034432303845267,-8.973065728921347e-17
0.6884754175065747,-1.1736005207288138,1.8130348742140079,-0.24207250133065789,-1.488323756675911,-0.6867018265329982,1.0347628868329848,-0.6125568703709247,-0.8564744377750334,0.6383394313870587,0.360944081110208,-6.613315693916384e-17
0.762336950660022,0.6031973904845089,-0.8943012878494141,-0.2755933953200028,-0.8534389210707112,1.2943966090156,-1.2200133403463593,-2.0316081062642777,0.10074252506489324,0.4729952598947891,0.320220187600685,-1.5286824584719207e-16
-0.15884886362132197,-0.08375152616374393,0.04255255796863854,-1.4207419240650982,-0.04011964653419816,0.5756770242712134,-0.36563154188911046,0.46659895805487994,0.4469551516776864,0.38347630554755835,-0.1534895900876125,-2.820209343843495e-16
2.778238258939149,1.9819432551719072,-1.047345887259591,0.9796418529009746,-0.6151366943205174,0.4290148615931675,-0.803458295581975,-1.5912056673948785,0.1345429938814283,0.6739478009545625,-0.1598042095294468,4.377900929527777e-18
-0.03784223101947623,-0.7132406736954068,1.2571804783100111,-0.3705582044037918,-0.4508671074611183,0.9882007854156565,-0.20595357591167962,0.5345763642545157,-0.20975887379856448,-0.5904815659771406,-0.47672591076833243,4.801142353345196e-18
0.47484405692190274,-0.2313041271634275,-0.5292143466798193,-1.3972923081519084,1.8487590558525562,-1.9588084883962469,1.9356356357576343,-1.0803960968506603,0.14132619774176047,-0.02761110388669367,-0.7979412077887938,-1.440337615117334e-16
0.9068452732755327,0.19173888535308262,-0.7203698995567235,-1.6836282695305262,0.0419551439186292,0.5556085158700446,0.1131754365167342,-0.047037873154792235,-0.7715132316895899,0.20746911280348887,-0.5845438375820688,-8.854125668150125e-17
-0.8090785740174303,-0.6639883745339142,1.6572801263122998,-0.5893758804265774,-1.2934500363923118,-0.7318869119444229,0.4331039855481123,-0.21198022666745317,0.2852634561494786,-0.7796375869842348,-0.008781096497826955,-8.608844350148549e-17
0.6299397968382917,-1.1495757229153405,0.9181019780216952,-0.552197114573794,0.05033853825690332,0.46003718419424394,0.011045083346974786,0.5313045855221911,-0.1319017403242018,-0.6011405564577249,0.03619695577991067,-1.7496821723683476e-16
-1.5969203589575356,0.381860296222513,0.7591897159675881,-1.0830977299707543,2.9398150736602817,0.07153278977859193,-0.21913650798291887,0.04111717189866458,-0.6583133032171956,0.8590986641751878,1.6822878600646107,-3.160167966333336e-16
1.6975882469428223,-1.4272280741043353,0.3927696758325863,-0.4789598184185514,0.2495569002227307,0.30579275977133824,0.5936795749204359,0.22421491333037974,-0.25748625387020907,-0.5681407181306876,-0.3416140796985123,-1.3469089343396466e-16
-1.2147181212796199,-0.24690675705981405,1.5817579598875748,-0.2885971042289271,-1.3303420341792955,-0.5548271262906738,-0.1681209211920512,-0.8692664326085484,0.29354816581667487,-0.94797103860393,0.20291552275331912,6.170526131370386e-17
-0.7439217054467812,0.7892187120551947,-0.19634308324177763,0.045757034134769885,2.3138476964048063,0.2754549068348471,-1.3163872096496274,-2.1145863301358943,-0.02668780248478118,0.3943602893469074,-0.3016496175154665,-1.5771080242292455e-16
4.134995515857389,6.356546364177399,-0.07403317636920559,3.0990915062270767,-0.3770762374214052,-1.4329125828508857,-1.2038423718432554,1.2568441344146906,0.6832648615533391,0.30671453853154895,0.34161672112952757,-5.369852426512744e-16
-1.1491475565372866,0.5188694245753819,0.18650671844596695,-1.5451877551892643,1.9579545050272553,0.08721385537005608,-0.4136846677277869,0.21986971324419702,-0.5287628895995297,0.0941542487849063,0.09128973598310197,-1.2450652172959256e-16
-0.8625672583725219,0.47753333443259666,0.6185104363837467,-1.4638945320605359,-0.48970037955862855,1.012278811592068,-0.7184805638835324,0.5601759230273502,-0.5086568522415872,0.7302041169675849,-0.4357752716909047,-1.1482018169920802e-16
-0.1879490170658611,-1.2627756044979581,2.0802035789513575,0.063254268264038,0.8584766890533124,-1.5370752403119305,1.1092216190477395,-0.6546209260023762,-0.285366524646628,0.30735318275128215,-0.45170095430142515,-1.8345970630988347e-16
-0.6915711560581977,-0.6087002985425596,1.7498141873541164,0.2383823204770823,-0.42322324657928667,-0.8514655408115527,0.2116691202220331,-1.2717435921554157,0.14485411526333605,-0.2976266833119556,-0.20791929720446836,-2.3412656595807896e-16
-1.778512327389967,0.5939190570587142,0.8853355572189353,-1.354803678625395,2.0942818776382723,-1.5616950315246942,0.85358308345148,-0.8860285542937066,-0.8919514972907783,0.6764514529160237,1.1213999465006532,-1.3004530355341573e-16
1.3123869868619231,-1.9025864484747943,0.9374954475672406,0.12106756587981493,2.089043010395639,-0.3683757941357122,0.7686398147174677,0.13052801284645518,0.32704804286516526,-0.12017829979339013,-0.6160074608505287,-2.4168667960364625e-16
-0.5260203612689437,-1.1598886234090287,2.344544194686029,-0.2086447546293408,-1.3579128142089734,-0.7589393277584797,0.5672646778879992,-0.0551158681363635,0.17561534263193915,0.2921493341735418,-0.13544556000708768,-1.3549334997261176e-16
-0.8047913944301442,0.3996753901868452,0.32628261887160454,-1.7655288983544728,-0.5709849251908015,0.8382832873221079,-0.7922250886543244,0.7335862633998999,-0.20230162495145554,0.3161797503482388,-0.11167747822794655,-1.4669430768333853e-16
0.5940659724440149,0.025823288311124227,-0.49110117582324114,-1.2769059883950056,1.276425159721788,0.17867992223653764,0.12639750737475527,-0.3296640855098332,-0.4862498639066111,0.41564218146731746,-0.24631620803132723,-6.210855952340095e-17
2.90367076102521,-1.2962923168702685,-1.6284322532366224,-1.613389888467573,0.016174251958426727,0.2923266681305018,1.6699936038045196,0.255929905731763,0.9141176201565263,0.31481612566996403,1.1820697251982895,-2.7303976374411213e-16
0.3000934987101816,-0.05744696062554972,-0.12361488164445986,-1.458582007918013,-0.5644977720338008,0.7916967359121538,-0.2966288111269464,0.29452759592557015,0.0632165570160586,0.5768243993157385,0.24893965979577107,-2.1483640160438508e-16
-0.38429794635498965,-1.0506166262615415,2.2150541967527886,-0.06776067752449087,0.15429642172124733,0.5548665225722824,-0.699783323477402,0.5966614443744719,-0.577788538849753,0.4809124788029375,-0.19908372953150746,-2.4277830452527916e-17
0.4037456376746227,-1.4420145988358712,0.8414093916257462,-0.6915799494987377,-0.24856198621993852,0.46873593294401117,0.07304090090545884,1.0261879781118757,0.9877234299701664,-1.0055370739321334,0.4687721252917724,-1.1505003040800686e-16
-0.5500915319119412,-0.1321636351555294,0.12785227480827507,-1.416906718660786,-0.030517111263517673,0.5524279272328048,-0.5088566585791062,0.6591137198509036,1.0220707608123345,0.16355857372508914,-0.07832033312982097,-1.5542811426102884e-16
0.8777962570863325,-1.7570345853059424,1.4337734452211326,-0.08376904906293092,-0.4386411951645792,0.5754570936468338,0.02527684667752415,0.6760992951749888,0.5488447308283888,0.21022518252353356,0.2552212878337289,-8.96195755947513e-17
0.5126038380608392,-1.473171130700402,1.2744999640414199,0.06235111415518534,-0.18260283525368898,0.5759100051545875,-0.2481333318698556,0.34916769625213184,0.7995181574169482,-0.21567650279697437,-0.13985231666807915,-1.296952395101186e-16
-0.09364435514414031,-0.6162204411217057,1.1233586518169751,-0.27559504397562634,0.8232866736109203,0.38258910053194156,-0.5215467218960398,-0.05295214678708075,-0.6387045723740072,-0.6302431317732203,-0.1676534012343417,-4.428123765938284e-17
0.8131082594033228,-0.2879597475473714,-0.7294179831901839,-1.769709636786327,-0.0244890917455081,0.48621286872910713,0.3522123215993402,0.4673274798514243,0.3383671216927319,0.047663252668491175,0.4288155677616109,-1.742022239181831e-16
0.5706734783685538,0.22238912537314215,-0.4993273862484156,-0.6417894462223661,-0.33255524763239525,0.9384796324575068,-0.6462810682040463,-1.0027440043843645,0.2623539381313214,0.506510448139249,-0.4990311773929092,-2.838861221657082e-16
0.11216465280694764,-0.20681040731231148,-0.04388895772741798,-1.5776532078984737,-0.26410935760284865,0.5948705423675716,-0.1543017796101397,0.6642113063512424,0.4107232289878927,0.39845342494987596,-0.09843655995936237,-2.4599228983832504e-16
-0.1695943098568447,-0.7746220659227026,0.9483405574217835,0.25574784773597553,1.9637231502890302,0.02385838612276436,-0.5009078564053997,-0.609454271908861,0.13508899545718642,-0.8323452716247672,-0.34603023855551035,-1.6015175994381407e-16
2.244312642199911,-1.6070532443896361,0.016102216332723747,-0.5977639721935506,0.20868553885420113,0.2927866251963171,0.9741354580722027,0.19245762765800542,-0.22621793699347748,-0.6367920711594414,0.3064238025005899,-1.534734194579226e-17
-1.6366918505207295,0.528396926268744,0.433971783061051,-1.6739345708944342,1.0474958261919847,-1.472645795430968,0.6996151407028032,-0.47137952029920127,0.1154625620075992,-0.20252939555864702,-0.26786494599275057,-2.079815060739156e-16
0.35109934374038926,-0.5115665834979435,-0.3195569328380875,-1.5468871528824886,-0.7917628769054031,-1.0885894407723828,1.488046242272096,-0.3453819074049238,1.4330580818963483,0.0037434046652143524,0.0876249990976099,-1.4676914380723787e-16
3.204612426977312,-1.0979243935303264,-0.017276523121552683,-0.5879216109749598,-0.7856787530652024,0.7552652481987835,0.8347708296571915,-0.5165335667193538,-2.392548455130407,0.18762712801653977,-0.38004526664710275,3.883224534547919e-18
0.9910455567751076,-0.3174305655824614,-0.43231822689852534,-1.5310250237290786,-0.38051752964418395,0.622973562882601,0.20030968818735398,0.3134711706918594,0.007067972596800991,0.5750638801578469,-0.030755813292684193,-1.0899513424258793e-16
0.45382000683003737,-0.37581744767036795,-0.2641225292293472,-1.440729658211043,0.5188328375291316,0.2832763531727418,0.185814773996361,0.44896527008699616,0.4766392857065746,0.3438176372887606,-0.39347365000357665,-1.171354575678366e-16
0.5876198804874678,-0.5897917124066804,0.7836204281755574,-0.2370202730301944,-0.4587751556049481,0.851369324737793,-0.5900930970341777,-0.3277564966264282,-0.6874242319948058,-0.5581878818590038,-0.08804738971840385,-2.1157024786675362e-16
-0.9334276855412046,0.8112914471299273,0.14568029217179948,-1.9895083330259706,-1.0499947595876709,-0.7137711721679192,0.5375500588185504,-0.48924688178594433,-0.5851001284190628,-0.09662172063383896,-0.35691946212091574,-2.368634053610567e-16
0.30186117577570437,-0.33276633560524266,-0.19664415699760215,-1.5125285993991051,0.01474590868512914,0.46772677959087705,0.022423655588449377,0.5932037111381704,0.6190955377683234,0.30938767527922534,-0.21070802547745665,-1.4509918406048715e-16
-0.8782802202519258,0.12068655275560519,0.31308729789963785,-0.9870409006315909,1.95125394721286,0.01468462439389481,-0.5126792439632892,-0.06825926284706142,0.24754740621810412,0.4101848374478169,-0.4084534632262513,-1.323441529304599e-16
-1.7406476342665245,0.40705780669663766,0.6436417950202213,-1.3151106630981348,2.574592515955782,-1.7542417228127931,1.1580926405939442,-0.8051937112890348,-0.22305216257338553,0.2903540825811272,0.8785685156051126,-2.3278569147737463e-16
-2.049831485866158,1.1333767355392153,0.8756963666707597,-1.8428014967972934,-0.9750027161088999,-0.5998238251174338,-0.1350484574701422,-0.40714062272742074,-0.7400161114582238,0.17365401750024265,-0.17570672318256603,-1.4047021273646094e-16
-0.15864517796145317,-0.7800701065421544,1.2656012065874753,-0.5989778884774367,-0.274036401530386,0.6716962579965681,-0.5503230852596531,0.6114240668307126,-0.25738867026509066,-0.6487651390551744,0.13927869699465087,-2.507347076431437e-16
1.2728273198497013,-1.0618697507762003,0.25965627154181886,-0.2405103078899009,-0.3386631126468968,0.6896681195700758,-0.05051084874942588,-0.2883715760998763,0.11181566694560871,-0.8338126604646503,0.3045014003779398,2.6299703288937155e-17
1.3120859510553877,-0.6566357485872372,0.5828138190249186,-0.25143807876986196,0.19322301690134464,0.6184959274141829,-0.09370690385045811,-0.6224017371226735,-1.6039100817006233,-0.21614370043985326,-0.06100832909098134,-1.5393057811545406e-16
-0.88297877176147,0.2250922002756104,0.38676296126771004,-1.3177430784225965,-0.21460887713752866,0.7482294084773164,-0.9020576050708248,0.41787402351737285,0.440977219148099,0.3900556196079934,-0.16536367224060425,-1.4964361900277814e-16
0.1454925894311689,-0.20112314620427008,-0.16023392064877282,-1.632121387573686,-0.19825346124833398,0.5868071001286369,-0.09583786803573427,0.6365052065016081,0.4234228377828178,0.3145321074550261,0.2842830476936268,-8.438379729081521e-17
7.282479176051442,5.430361275595389,0.02626052500972857,4.4448596866227215,-0.5232305127526916,-1.7167959546511302,-0.0759193485865687,0.6276423279357606,-0.843650713519813,-0.2301796761015207,-0.4833659142800211,-6.434770334750521e-16
3.8501806101777043,-1.7188079487800312,-0.6282932936240442,-0.5048403443721373,-0.18542595551987992,0.385260527153891,1.511731001367851,-0.45881560261445514,-1.1263000923411544,-0.291401106853672,-0.2151805680621785,-1.3102397029310897e-16
-0.6251623838877554,-0.1495226012940617,0.23406533817516312,-1.341315502267201,1.3730445209863447,0.05678402374722737,-0.2330780439671378,0.534090575112955,0.5605856111659774,0.2812313615330112,-0.41718722150100723,-9.060458059701793e-17
-0.644392705693854,-0.926441836862265,2.0202486401402173,0.4396336608153265,-0.1024419469273637,0.7679065803480377,-1.24064721820605,-0.04908536953887188,0.33670561051262243,0.1860553620043628,-0.027530654133396216,2.462825063305717e-17
3.6002334842771715,-2.1427111612244367,0.307910005909698,-0.02887268394659449,-0.2656649829551529,0.46831025446484964,1.3630317674723027,-0.2865063975673099,-1.0032058192036053,0.8505577027446443,0.4665589296924332,-4.1628100856372455e-17
4.345332642111908,4.773650217317457,1.5857814960436334,4.338356595633795,-0.6826397034778298,-0.9816503352326204,-1.1759182720549854,0.815847369796903,-0.14512986435782269,0.31767528220335817,-0.2645771577493889,-9.457002438322028e-16
-1.0920105125786732,0.40740857856756296,0.5428423333133072,-1.291596759323996,-1.1292691445353245,-0.6615053197686934,0.22769188683285857,-0.7379939019138376,0.47907609907024346,0.3670892414629992,-0.15657368764336788,-5.807200244201214e-17
-1.4117121287825423,-0.598623638869534,2.8565153714145084,-0.015140308137842397,0.15856702492267627,-1.018034891699237,0.29287564815812206,-0.4979991276911417,-1.041307202812696,0.630471200509981,0.011126832982187846,-2.4049996189570563e-17
1.3721572440077838,-1.6376198693371753,1.0360572578753624,-0.24549826600733873,-0.5666439521058529,0.6468304415479534,0.24203199982552923,0.4580558785750941,0.05254742971707009,0.11424276158711145,0.5099035677260706,-1.2169407129310158e-16
0.252090366622677,-1.2296793872237863,1.4353824943310773,0.4938278813242953,1.8326516117677785,0.0023717160115958435,-0.26361334434360195,-0.42742505683781873,-0.037896529072143144,0.0562997981008693,-0.45821401116452876,-7.659484739083594e-17
-1.277041333422604,0.43116868547391124,0.5443215322058516,-1.180451972114204,-1.1244895759506566,-0.5554199286472374,0.2760070505812414,-0.7260508788983838,0.8318931610656465,0.22903178911985064,-0.25854486600028803,-1.411551206504756e-16
-2.1869338528229285,0.7329177762909163,1.1514406552523107,-1.3754723250605279,-0.9977741251511987,-0.39992905398031325,0.2130201057623704,-0.20650942266756625,0.37440203858040666,0.37573158769481446,-0.2241011965674734,-9.561618107978728e-17
2.104650707671458,-0.6262178590759334,-1.511848176738719,-1.9019629072702715,-0.7185311898851171,-1.2084444503527727,2.488367693778985,-0.7702930738778302,0.6319342013103797,-0.2989606840587572,0.1238593133497654,-2.5420858602440117e-16
-0.9194059508120311,0.19291562164164966,0.4848252260827555,-1.4991163054929597,-0.33888224271249345,0.8291872771119584,-0.6259180131288201,0.8051044004570364,0.36143631034100676,0.3956431836879129,-0.33785373242741645,-1.7734321910599905e-16
-1.1523167763776798,-0.4852948854847187,1.7735486397800484,-0.43730862145719057,1.3943556497293939,0.3758090102423459,-0.5555903533756785,0.4780852336704505,-0.8351211410211549,-0.4159122554773883,0.9765114190073924,-1.6032530154893156e-16
-0.7106490297467083,-0.6814712563529879,1.5203297296582003,-0.3449502007862081,1.7524490765368592,0.08361834544879188,-0.4031975602102192,0.3152696031638479,-0.6294165150090532,-0.5494855402533316,0.16620776215970912,-2.0449443723455285e-16
1.1785077378456268,-1.6113527967529442,1.3030360308590399,0.18992449473755782,-0.1593589844870198,0.54960438421755,-0.015931608544547907,0.09589081302041888,0.1118439967309812,0.3649001002697088,-0.16621143785010553,-5.2954363658990744e-17
-0.9737054655023138,-1.274426163005613,2.4154318335298637,0.010608999362771238,0.16292238173228282,-1.3051365906360017,0.6695694832631779,-0.15504624706482142,0.631719821276597,0.07164386271225245,-0.32445095739366897,-1.0908969927824461e-16
0.37595329854848514,-0.3552867540070032,-0.5336618515786333,-1.653012110076867,0.1311326525824417,0.3985112179296249,0.22108518528617618,0.6775703022836841,0.9850907071500538,-0.15322509368753434,-0.3057257048057537,-2.204292567751411e-16
2.5867380195832137,-0.6833631728550457,-1.619902617010135,-1.4253456549515815,-0.13049802464706597,0.4544318715227312,1.034080835042082,-0.3519814351521226,0.30745562830744994,0.18553902479535136,0.09255028590099475,-7.910744201418638e-17
-0.7506913620872089,-0.14039740586838934,1.9126448305742243,-0.5353490811400266,-1.6658402325389592,-0.43123014321700515,0.0581492968025261,-0.7099647624370862,-1.2704631373623123,-0.1665178977963924,-0.019480067081793218,-1.4848964491199688e-16
0.5929005101058322,-0.3250606215407629,-0.3972003541952243,-1.3472366658734785,-0.06308961733347107,0.5299176361033129,0.01760853158448968,0.24712264928130276,0.6301195586472329,0.32685910976122395,-0.16436589315994352,-1.7296518282365603e-16
-0.7684567223689686,0.5562523870080613,-0.2444580257855521,0.36715372405533464,2.998643229082418,0.14875015021452917,-1.053885470857177,-2.2963042943142113,0.563651056190134,0.4122028481890354,0.26918513957449525,-3.065973349263404e-16
2.9188872400203443,-0.858780235607001,-1.3780225532617183,-1.4957522641262455,0.07112439366288777,0.3544563525687467,1.3603068962013716,-0.18643462688804985,-0.3663702384129013,0.7497489919921732,0.25982966689358017,-1.8858434019280124e-16
-1.6320901948709885,0.9058120025161126,-0.03085106594693672,-1.1943801109171417,1.0391421667672887,-1.2837106059818606,0.23700624905328516,-1.4925046867167322,0.3910097762241428,-0.5763899644983757,-0.33240153910766607,-3.2932300796478434e-17
0.4189656222930779,-1.0066539668459356,0.5986078648514856,-0.29832871259832877,-0.306096541326782,0.6754192553595482,-0.3888769593867407,0.1016373599434457,0.695263950367633,-1.0688416575096062,0.36076024545424745,-2.566548775874053e-16
-2.0695991912463985,1.0184492496903814,-0.8226539031498451,0.40519912719343004,2.658793034460763,-0.4150369834390484,-0.5582193710295348,0.32964505434209773,-0.9534810930159016,0.3951130966844295,1.8139705067727516,-1.2326370186816556e-16
-0.9613381144475952,0.9614678198573066,-1.495152122332541,0.27193180452414245,0.5809521268841877,0.10968105340491549,-0.30405522650938765,0.6077020582950033,-0.5841483480033698,-0.06402893344735341,-0.6054281366271128,-1.0597079979116127e-17
0.42299605465011647,-0.14777938775344154,-1.897777821117841,0.21521434030779818,-0.19682897888663453,-0.17984538432814856,0.004250526573067084,0.8759402941459424,0.5771229946325739,0.19448246554248128,0.2864166312310582,-2.693580281021008e-17
-0.1612679006016315,0.30726092852813397,-1.2745100580635942,0.07734931018213446,-1.1509135965639912,-1.3590811945200383,0.7241032779839763,-0.5913004275761755,0.3141028391055513,0.27564329137045046,0.09201139903233174,1.1291257332559692e-16
-0.5136337160028711,0.5807221718786374,-1.360618039728964,0.1129437904697024,-0.7344693481418085,0.2071225700460556,-0.7529448664730252,0.8496943152942029,-0.3096906111506085,0.29603456544412765,-0.22585065693746326,-7.422294274961567e-17
-2.62525364117989,1.0891502859599884,-0.299873832149873,0.06831388530901726,-1.252573527656457,-0.9291562628971178,-0.09805286773293234,0.16358848958041072,0.6636613778222205,-0.09883358413475347,0.0252977521250922,-9.943172756617794e-17
1.8752165536086045,1.0425689051564513,-0.9676456518879464,-0.10847126693748556,-0.7183421228612179,1.2675161330891478,-1.0223688924937704,-2.6661892881288427,-0.8845496283420645,0.8483346917660152,-0.055226328361763354,-4.7948391478154137e-17
1.0675246245379195,-0.40154245098934793,-2.0704758054544965,0.2870404731366543,-0.36793985550036584,-0.15353351520222358,0.328082605008143,0.7838762717397723,0.5104917473763391,0.45759806510365386,0.5649247926825651,-6.269835992179933e-17
-1.20948117015822,-0.9279627080682299,1.0277206766679066,1.5869468044904953,-1.5444413700487645,-1.3992757035446857,0.2261420653628007,0.5571372808869908,0.718797019319614,0.023803229629751833,0.02895261495990704,1.8641651370251781e-16
-0.15326305835866064,-0.687602750010318,-0.005474930871290068,1.3319756534863136,0.3301879580060752,-0.04723519889489844,-0.6960872586937392,0.2889259165087467,0.0763068886161159,-0.6450192458567842,-0.09180343659072356,-1.8558965894445967e-16
-2.727178461607939,0.5628839866643081,1.1344352013142356,1.2638644326288706,-1.9291524000701366,-0.299470382029016,0.15685632802507046,0.48058152787346514,-0.4377483583038047,-0.6553457423480828,0.29533503337843847,7.645074434827489e-17
-0.97753244142712,0.26101326949103376,-0.84035441621111,0.3273842780782903,-0.04368435679133545,-1.7469081142597487,0.5516851528949029,-0.47309876084067537,0.7028043031135031,0.2907615604866295,-0.09015095348153884,-2.163278020739978e-16
-0.6095044730474101,0.27875864704458725,-1.284090023961572,0.19867279235162177,-0.4353198588928162,0.04326936264667114,-0.6945804624595624,0.9671907527835711,0.4252827104163191,0.22628303139894432,-0.05665355585008252,-4.158642674637808e-17
0.5219356201133709,-1.2672070800014876,0.0047271044264992025,1.5691245658270545,-0.700961583554855,0.004591691224137918,-0.3017323170004369,1.0140488638364347,0.11312956304665042,0.11190696262636537,0.39887342696342687,1.0944374107075993e-16
-2.4693096628985978,1.2941058305302413,2.2028764865736576,2.741516414780012,-1.0461184603428952,3.061235662344693,3.1177823233705366,-2.1257291505566474,2.0758310643253903,-0.6157686076802276,-0.4860232671856304,5.1056625233650266e-17
-1.9518318709753408,1.0998737932813951,-0.501885829311961,-0.20611161768228892,-1.3329469524854576,-0.8801953194191001,-0.3949192139478627,-0.7191587047654564,0.5721764881507007,-0.24642299100539666,0.01908645743237067,-1.3811631314392015e-17
-0.5766741144796002,0.6028292159015514,-1.6825279598222256,-0.12583795591500913,-0.3545471414326155,0.06841076601079209,-0.6742356659122368,0.8048397196554266,0.01244688369137665,-0.21757758448728293,0.30052351996485355,-4.1608887411469527e-17
-0.5680087081834868,0.4426155464327763,-1.5325311976447753,-0.12970469896486592,-1.1978962735169663,-1.4944901852250443,0.7590783730542057,-0.017188382632150452,0.38039393610213446,-0.16671453173582979,0.3663146541583416,-1.6467064115047112e-16
0.018534240034019923,0.1713110771120594,-1.9670966768933567,0.15831738311558682,0.6760936309048681,-0.42531933273935574,-0.09032548357169891,0.6664621925845972,0.2823537150235653,-0.1514951230374211,-0.059215035873795625,-7.33945388396828e-17
-2.0796515858250335,0.11529665377162714,0.7310235332469249,1.191400693530819,-1.6581899642728415,-0.8434537442810894,0.2298991579930221,0.5104498823820738,-0.00963771249336076,-0.8479764924763789,-0.03689265663342735,1.6657031572835496e-16
-1.6457333940366403,0.8585957545420245,-0.740980425143431,-0.01746614435090846,-1.4073262941516416,-1.3133311533001926,0.02776667047383103,0.14473455291822807,-0.07052777861869979,0.18340516713605265,0.012997846364917447,-1.8063046188882546e-16
-0.08219167863326261,-0.8233068144569159,-0.22611169741684503,1.3151152903656484,-0.34755715824493766,0.021129379871980835,-0.4343117186233467,0.9691140547418252,0.34005702353601774,-0.7521318978486338,-0.17673869161271302,-2.8600604691539067e-16
2.538535015648676,0.9647943820280867,1.1401355535918087,0.49751209216534675,-0.4293280968387624,0.8717628774691505,-0.8023153970300458,-1.4628046708228155,0.15407552506753536,-0.6321648481138011,0.784796863547518,2.3160361637230844e-16
-1.2353484547154485,0.7379450833496325,-0.8788153164080482,0.12045262312103046,-1.250617071853464,-1.344162233289251,0.3380055867541719,0.006556807659874479,-0.12674405846458692,0.29277026246062393,-0.29293617768518104,7.342298791441016e-17
-0.785441982916936,0.3028020634620333,-1.0227832083492963,0.8648390407713682,3.341829018419293,-1.0739220111292538,-0.2141379758788922,-0.08835460447471342,-0.6728217321541753,0.791772767681432,-0.04912221271074939,-8.980461974333298e-17
1.862501578576351,-0.9369184100672233,-1.0881192675369449,1.3967694556842447,-0.46695821991945125,-0.0313182682986436,0.40811324819587286,0.30605216296341015,-0.9815282647667183,-0.3714116078183085,-0.9175476657439219,9.792034249826786e-17
0.30119098318741305,0.008407499688255094,-2.1574142170219575,-0.019734080772057093,-0.318535809593496,-0.14055875491671677,-0.01754330594571927,0.9627944454100984,0.7098031481796953,-0.2697615539091998,0.34625639147622506,-9.28070826200565e-17
-0.9034598418474701,0.9014448576819378,-0.7519026598497367,0.25746918061656937,3.000870516708128,0.10687981917053668,-1.0943707869853136,-2.295821821015061,0.3667711515119013,-0.13345481648315535,0.30144023811966836,-1.4243895979131766e-16
-1.7977007160881755,0.4012803401273399,0.8706288838923967,1.0473607307615485,-1.5003902922949963,0.6470131307820771,-1.9332886867979457,1.1394860183297453,-1.662896592252337,-0.16684757331683472,0.2017225165512019,3.482089507370278e-17
-0.2107860989558408,0.21259622918113288,-1.5679751501586816,0.06877630201332693,-0.27091878680502435,0.10569758645554111,-0.5498913416450764,0.5043872326237856,0.8045730186218444,-0.11184947044653017,-0.018325079163517277,-1.72270131995141e-16
-0.3143918222860502,0.8664025482368181,-1.6648848045882125,-0.49800322273336517,-0.4031208810422401,0.7536077290572512,-1.1355091032169562,-0.8651854210198889,0.9235286545332975,-0.942510146297283,0.1019213158279859,-4.0863663923260053e-16
-0.49871219232865915,-0.5137847170031854,-0.1118791242032145,1.3555149421525283,0.6558194391472919,-0.3444883818508596,-0.6080390750546568,0.7923612225158744,-0.4671731331370178,-0.6800465762541973,-0.2123235530307001,-5.5092010840887275e-17
-0.7230955788511594,-0.4914137345822721,0.18236698274713944,1.3754005803343665,-0.9718119730562892,-1.1747203215425013,0.9433004735175673,-0.08670859727567047,0.46265826219618644,-0.83498281509327,-0.4184844930540511,-8.640273872364433e-17
-0.8884474378351096,0.40169613008509863,-1.1324914895714995,0.21067360524091186,-0.4821594297414393,0.09243020506922278,-0.8370645028989313,1.0395382805448092,0.311232181004763,0.2624997140484518,-0.1270488877617393,-4.8972603903993547e-17
1.6511248331440418,1.8180886318709915,0.03484587796075,0.03729747478992906,0.5302973191576136,0.8430789232081664,-1.1871173010233675,-2.6002008622108668,-1.3324715531268276,1.1766315564591736,-0.3485341065911335,2.7769340727725508e-16
0.6045168814009629,-0.8345070498621614,-0.6524509445961623,1.1870028901268643,-0.3486170780599469,-0.08557752167871097,-0.19279059342840488,0.7685029653038619,-0.2606240197712916,-0.7065378965590022,0.1040115672313215,1.3850875405740757e-16
0.521948144698317,-1.3711915681782814,0.27076748500423753,1.71203772895807,-0.6517282060121585,0.05295066688192735,-0.37942392391822044,0.8602311932351343,0.18865257153336012,0.4020035131110485,0.4326099431666317,-1.7122778931562476e-16
-2.241356060741918,0.9442582380851915,-0.9133327471325078,0.12276099709729851,1.3728366579235476,-2.040068213712175,0.5539214649704596,-0.25844926372539706,-0.03409564851306207,-0.2392775629565125,0.9847473184895618,2.8668940972724906e-16
-1.6552338612342001,0.656178655072265,-0.6291524681546639,0.4640313217793133,1.1133739209733515,-2.02680096448628,0.44793968409675855,-0.6252075288948593,0.04065190197468384,0.2859706695978808,-0.40402941323814956,-1.285437129543149e-16
0.7450805366735891,0.05038077703816133,-2.294382517206943,0.07437501797405927,-0.16886417938822562,-0.19212837140687142,0.1454320706797911,0.6821056809616836,0.20454565261399524,-0.10663914885373217,-0.1911099964712816,-2.355994148296968e-17
-1.643636956522357,0.2942691439465598,0.6450127751032171,1.3158151878117037,-1.594024290112978,-0.6739147211835214,0.5058766836627361,0.12388255544147894,-0.8165748541809894,-0.5442102860086122,-0.2840499159814954,4.839269087731344e-17
-1.5016342237499183,-0.5393977720961657,1.4235227964466213,1.672473866498923,-0.27998682638286876,-1.277989340816553,-0.06671030532747473,-0.7613206844679892,0.44198806348346853,0.023443105416903854,-0.09386248445967031,7.977861296481265e-17
-0.11959382697316456,-0.6350619139475155,-0.2166302940683925,1.3758369937280222,0.32880764554007363,-0.2596477829363678,-0.46763631876039946,0.7807164251564931,-0.4684301856394311,-0.5680655278591296,-0.26341517775114925,-1.6500615334466273e-17
0.688126593182852,-0.8710102210053823,-0.6029401067886164,1.2102932232580532,-0.42988423296558337,-0.041420794793401314,-0.16925336262272292,0.7504324780360023,-0.3839613946269681,-0.5339709774069575,0.38422000258032213,-4.7338841968075925e-17
-1.2207391809552224,-0.18757447062389188,0.555892711680879,1.2992536020262395,0.8115560028224298,-1.7875954677020374,0.19433439082756626,-1.080700495115144,-0.23065059583806166,-0.7894063615603127,-0.19253965766021922,-1.3007238976167213e-16
-1.4419544049922375,-0.5376647190450577,1.1473917461474512,1.6640534257186657,-0.4351649639779742,-1.6827254384609185,0.09167943034579924,0.056639910053204894,-0.3623557347018094,0.20088653776626722,-0.11529871167616802,2.945984630838332e-17
0.9299562292652784,0.02318071525732009,-1.7031482238981064,0.21268653774483148,-1.3521967240035826,-1.4783760541785538,1.3631029012639513,-0.5103351822952904,-0.4353489131972165,0.7949363549186192,0.3586408561387657,-2.0840511003106175e-16
-3.4620914472454967,1.8369229710174784,-0.005099313953881165,1.1644684483063001,1.803869685685292,-0.35121891016194445,2.075193863044216,-0.4124145555403604,-0.8646944263881485,0.6396645615756082,1.3984734787221602,-1.547873356039514e-16
-1.5627577436523064,-0.36995613652562037,0.4836364774151295,1.4172465042668378,0.8589776276639515,-2.110472680317872,0.48181841156972516,-0.07679096369216362,-0.1719639783382048,-0.7178186422402663,0.1197503113259818,-1.524011499535008e-16
1.128811787708858,-1.198691292776191,-0.9131279386131705,1.1132181766690061,-0.651700875362188,0.008873473582188731,0.1342859118782095,0.7859077569634981,0.3396292143846968,-0.7705007149972272,0.8448153612381449,-7.840981285475075e-17
-3.0061749410967393,2.161816929221329,-0.813615950059086,1.2886552805826557,0.625429143577226,2.806554431520215,2.0303537486073866,0.7616837472755966,0.276874621717544,-0.3405071391854422,-0.23377263437805787,-1.2464366754928948e-16
-0.020029056083434728,0.14533889197398175,-1.2870099813703577,0.32940706365545563,-0.19238007194352927,0.1076668709251286,-0.5458665292689402,0.3238756888526717,0.36427868159553034,0.46182667286977336,-0.24968532135009391,-7.305532050432902e-17
0.47858465620391993,-0.03626451730346087,-1.8493084669264013,0.4553661859830211,0.8763615026136431,-0.4794019854016271,0.09422845157483066,0.3875738921381304,0.1518666082998621,0.28502889170297097,-0.6187468436072245,-1.716678830656301e-16
0.8629253565606836,-0.9807573327290975,0.3511128379867639,1.6487254190380092,-1.693388202118572,-1.2781755479432453,0.873919960453207,-0.5997700017887079,-0.7970881075809755,0.6155726886186759,-0.4371583092481686,2.2035479018838435e-17
0.6824064033854348,0.10980258460717546,-2.3351661892999047,-0.13319979749834013,-0.13358900414103558,-0.021230515225710782,0.02721150529914299,0.3335033070285823,0.5631297754439207,-0.4024833123935721,0.4166529191675025,-2.8235151016004614e-16
-1.5427832468744431,1.2039001344967108,-1.3758009516026537,-0.22029558382545228,0.8174115158928472,0.18692504712027394,-1.1220669107784502,-0.07011660575660342,0.2108201120620338,-0.8524637353364616,-0.17423340319208147,-5.008089535670458e-17
-2.3695656657250543,1.4384907903928013,-0.6615622603315418,0.7441969530625436,0.9349539611856356,-0.6801979117591207,1.6099443936241147,-0.6811466392549963,0.10118381400105705,-0.1370027987094997,-0.46610175882772065,-9.507552348387376e-17
-1.6802137896049891,0.7043446411342419,-0.8844214848509896,0.2084917256893166,0.6421469383807312,-0.1566504203352629,-1.0200870988105137,0.9139586685175225,-0.08616559684998867,0.22376866893494965,0.5880320872824164,-1.1050661374220979e-16
-1.2207391809552224,-0.18757447062389188,0.555892711680879,1.2992536020262395,0.8115560028224298,-1.7875954677020374,0.19433439082756626,-1.080700495115144,-0.23065059583806166,-0.7894063615603127,-0.19253965766021922,-1.3007238976167213e-16
3.6485240910394228,-0.1455892188251945,-3.289231475879078,0.00041587975093277486,-0.6747984200805514,0.18516548576118966,1.1560254387788067,-0.8445475650315938,-1.5704279961333931,0.6849094459235919,0.5119381175564703,9.995046607776156e-18
-2.323305870280245,1.2332692760625432,-0.455118960453441,-0.14653407250421574,-1.4295305954269941,-1.1661523756793926,-0.4353712145910303,0.06816120795221092,-0.2497786683396742,0.04332960870102535,0.0484725193101623,-2.1316895967480783e-16
-0.37785660097940227,-0.013020784031449868,-1.6868641679096659,0.43330869511453024,1.067712303675786,-0.4992746684408859,-0.006810881340765047,0.8512862082709755,1.0094749983707971,-0.16042444056769256,-0.5442723923730313,1.9778314122921064e-16
-0.8039448061543626,-0.20191391056066926,0.24442707804263694,1.1545070989549424,-1.4280475675969166,-1.0001675385321018,0.5402397652084441,-0.26355107074483847,-0.04700420828466484,-0.829242312109448,-0.29585463807549267,-3.281468653930935e-17
1.1763672423495835,-1.1084969637923219,0.00971804604019374,1.7090506045181897,0.2532992381729283,-0.0071043922574914545,-0.23495857316674548,-0.29090624075452964,-0.6277268539508387,0.38133314716238076,-0.05140261035715083,-1.1630268194119063e-16
0.867001723406108,-1.1890456608556477,-0.12707403579919593,1.9499371434556685,0.641182350826794,-0.33597677087476635,0.16292948411172,0.4585156950935184,-0.44593376121037703,0.22797356384682604,-0.8778403274387395,2.6509177597341918e-17
13.294731741348615,13.834869210308765,9.098576237811884,-3.836689400802998,1.6125454274698356,-2.1132814572000296,1.817586654929811,4.72738143324155,1.3584674736267555,-0.3366699485950478,0.36177842252494186,8.040932126048663e-16
1.111228668099517,0.028817123279034684,-1.4628702162870693,0.1317584502902725,-0.315827886262059,0.6223726394601954,-0.48218372700302387,-1.185414407868101,0.5935878813006884,0.4761769188790103,0.48721292654047116,-1.6097271061880016e-16
-0.7822391503408845,-0.9599480373657662,1.0095263939036099,1.9707992538975494,0.36734292085940595,-0.22596917620927054,-0.9392577058006175,0.9410367491486143,-0.2757786071463011,0.6088371592003148,-0.16293906994901863,2.7565744867881988e-17
-0.505998349068198,0.4826845901598883,-0.9945933344063281,0.19918887752579015,0.2919470044818033,0.2365430082843536,-0.9893333124814533,-0.308328989451553,0.26163790360473665,0.3159446527216638,0.06556261978488279,-2.14602185953846e-16
2.217633135707642,-0.3054528263094969,-3.0002278822268367,0.14623697826099394,0.20440516449028034,-0.4075313175003298,0.9509477029555794,0.19762451621963514,-0.21594759348407863,0.07286309264267184,-0.0912293693993388,-4.3230093588057614e-17
-0.44598587669659595,0.2935823824333678,-1.3615107785513116,0.38425672386095977,0.47976528461623696,-0.2859366475412029,-0.4604088934735422,0.7233178279231232,-0.04479575080019572,0.3694775370067993,-0.3793129103952968,-4.499812532338044e-17
-0.6896725519473725,0.5773230839519082,-1.141383265990916,0.16540014444394363,0.1176077039114446,0.36087916503585854,-0.8390739721885074,-0.06947243056217473,0.568885047396166,-0.03624984033732434,-0.32356922447798553,-1.6880166788169693e-16
-0.19257813433998777,-1.2234802460400103,0.5537532691581117,2.0895374940179297,1.5241832188864202,-0.7017605699584024,-0.3684633333445028,0.6361271558738908,-0.18166859392242057,0.44609410864160753,-0.27672045847628973,1.176113714607495e-16
-1.1160546088538812,0.6187663083093493,-1.017589002659329,0.1929553871047548,2.105774469398626,-0.09169342981712612,-0.9385084224765169,-0.9206402719947819,0.9552435790865164,-0.3900478524341688,0.09481813478983277,-2.4250529329261564e-17
-2.696528100997197,1.8318926415966321,-0.44983641383591827,2.0206382215927943,1.761424692487988,2.5401426270246916,2.6644542499901274,0.5923735484537044,-0.19480658033834228,0.6415547993806855,-0.46727220769443517,-2.542015388928273e-17
-3.1472111084413075,2.061829585884119,-0.4847167454960681,0.7862739462733025,1.1337875288158057,1.7806244987032973,0.5665195391295313,0.5343455062075526,-0.7775558888005976,0.139435028580074,1.3558631405573789,-1.9788576892746367e-16
-1.6703998001950062,1.0756710239786327,-0.06185072025542315,0.08843802537420611,-1.646939851464926,-0.8416454264366627,-0.49912716524931944,-0.7375977538107921,-0.6249585049874308,0.8562520495685252,0.23569861649225501,2.2035471553605472e-17
-0.05094085643774371,-0.7161756234704677,-0.2080184034713428,1.168255526443757,-1.0412886998904969,-1.6111955716568755,0.8798217726839069,-0.037562310677554014,0.04867522830094998,-0.7627834851742189,-0.08948101433439616,-1.8926626233553e-17
-3.12009638801988,0.8567396359477328,1.2029719168341426,2.206379343533204,1.6469148458440384,-0.32636533681919333,2.069285058365334,-0.34935786817571324,-1.2574380481517098,-0.20532014799643117,1.510905912525283,-1.2214532991119968e-16
-0.528888197646305,0.3945694070788478,-1.6528653022491608,0.11605244704921913,0.4288552473908875,-0.2841349982672702,-0.45414779691346346,0.8035686990574724,0.12787481745585977,-0.08865614385722584,0.027861429732414917,-7.931482457218749e-17
-1.0212838689078865,-0.7556123950200796,0.7992719747960503,1.880738361768083,1.3302981086710626,-0.4525909923601122,-0.7590535437621964,0.7743601178307449,-0.5354632363934488,0.30605567437132414,0.3686494416071333,-3.357437342736997e-17
2.288195210854428,-2.0668012447573143,-0.7743699412263161,1.7941075267964988,-0.16947635726160717,-0.3388119374618697,0.8447423211411754,0.6739701694821606,0.3986426983133817,0.3447590905119934,0.6970061002041699,6.075157391445126e-17
2.9639939664155515,0.24606072898436498,-3.109664885445484,0.039936831010643305,-0.718290613519234,0.040311604613449716,0.7567948120711575,-0.4549944093130101,-1.9968663437884244,0.5290019762729076,-0.9092869727470951,-2.8019669450429253e-16
-1.4274482319749455,0.7103430634830866,-0.7092240346846657,0.093867087054802,-1.3743722070218982,-1.3544884310964556,0.13810410460213401,0.1181121630960085,-0.08862041252845605,0.4010984892809469,0.02498350751167523,-1.1303751745615616e-16
0.4618565122874398,0.033454137011220894,-2.130356269206161,-0.009990308261972116,-0.09382325410426388,-0.08607492082733423,-0.04778111497236934,0.5207406916158127,0.7063015195858311,-0.2658801787047025,0.2597977982691399,-2.1976363000939238e-16
0.20871537232837672,-0.8034221144456015,-0.5671338009879519,1.550950205841609,0.007196200205717386,0.24051765139015752,0.4292256858726183,0.9123537534018097,0.49298324485432343,-0.9411412330478242,-0.6181884621356776,4.6576743527466755e-17
0.2993225054506795,0.26379023013095143,-2.000583576491955,0.017390451951624687,-0.2549377908290581,-0.06196849434990078,-0.16730041976776816,0.6704015202775234,-0.0838902120904291,0.03333866628341416,0.28218346530027255,-9.241433477234039e-17
-0.06703793047495521,0.5397267361388529,-1.5128440414700146,-0.1297984781487154,-0.4779091749821086,0.4538434291905775,-0.8071317270915322,-0.1756767468622492,0.23289668632458174,-0.050459540118124854,0.41788586582451953,-1.838756999880989e-16
1.8318533813127318,-1.9408668381687173,-0.8429714442220493,1.6915542798786112,-0.04197501808553559,-0.4091846141817216,0.6895977950875698,0.8351860632804744,0.9419627591436115,-0.23020173362900126,0.003233690046828354,1.4718943439188792e-16
0.4187904926565651,-1.3860553747481306,0.2744574023730098,1.7511231729995798,-0.6117396749409799,-0.01784014809876387,-0.3851519273848579,0.9951397908706,0.32077228642949657,0.32343156295643366,0.08147515303332831,-3.995469423569723e-17
0.7102183492210316,-1.248064401449684,0.7055034747478651,1.4944737226909652,-0.6774043682892679,0.8603986223902169,-1.0528385428207365,-1.1062889599590864,1.410606055840243,-0.012301943888715774,0.2862807300953056,-3.5323534314880856e-16
-0.9304032495924768,-0.9914651163407857,1.0611220080361035,1.830975632970055,-0.013163510642005074,-1.8352437877819283,0.406451530995046,-0.21107087160580984,0.32923001146093556,0.25316188337452494,-0.11025995549378902,2.053291090436452e-17
0.34429029875308925,-1.5495989435091377,-0.0949999917507839,1.6410830964868097,-0.11216871781883812,-0.2693146086240455,-0.1330174556228883,1.1667549185392143,1.1694813067113503,-0.32949126722217364,0.06045633249132683,-1.1743849936093052e-17
0.09986422886635135,0.21149675756360672,-1.819836160075088,0.21101573722486053,-0.37936016186316474,0.030576723143804045,-0.12718964925387805,0.8507001741823895,0.2991555955310791,0.046184259576348724,-0.46934959266223214,-3.862634800355014e-17
0.3975027145614509,-0.1737800945835559,-1.9029312327082122,0.20892926047400123,-0.23977073823849937,-0.17616675195526368,-0.0028548626915748305,0.9179681244884765,0.7172707237435589,0.13689577661487373,0.22296616018981566,-7.920726696820872e-17
1.5944862018344903,-0.5463370379640519,-2.532948933497763,0.23809697334315033,-0.0706353446879499,-0.32384086482608293,0.7138998817887088,0.6592478445549184,0.6557654228064581,0.18434552005682936,0.42650266074641774,-1.3670385521614967e-16
-0.9209523238540297,0.36550335197874184,-0.9611574202963535,0.6168984941970878,1.4083458660703476,-0.5435938825361032,-0.6124147521930905,0.5624791656077638,-0.3105670693633582,0.6568707421022382,-0.40554560134885226,-2.7679109123365933e-18
-1.009448641903404,0.5310758454941733,-0.8175570583902672,0.22675149783817788,-0.9750667190456808,0.28529575396477486,-1.1150980313982244,1.0764674999815793,-0.2524382809908447,0.7154503099829526,0.19779029989570449,-9.100758442128068e-17
-1.8212007448897638,0.9654728071082519,-0.40403271250101547,0.1777720498107498,-0.879747143271623,-0.5699252970800627,0.2442823384268462,-1.0300966277396233,1.1012966017726082,-0.14376042149278612,-0.22792530813574882,-2.1609069966193667e-16
-0.06609552136613583,0.3838131524072129,-1.8216074004144913,0.08092599747167974,-0.042971389844269334,-0.13942570559780643,-0.33979054066631137,0.7305996824765754,-0.14791173965580479,0.02340592779453385,-0.09988282902016918,-1.0913719758715098e-16
-0.8564570560202519,0.692535148553406,-1.3703779657181054,0.02145458929838221,-0.43594540479182636,0.09114749737523965,-0.8666842935768881,0.9142883845172288,-0.24222052586771825,0.05888524684690955,-0.09468007621428817,-1.396404805014113e-16
-2.8768455501362467,1.6619745372315757,-0.09128700209811015,0.6203778507582595,-1.2095283776099233,1.8890526712753373,-0.4711703496106789,1.2227812099576152,-0.3676619683039265,0.577275647055574,0.4220983625167001,-1.2704322945533878e-16
-1.2478134808280519,0.5578740543195734,-1.3186795622389114,0.16568985885579615,0.7260615163962446,-0.35136219744220176,-0.7747985855567241,0.9316514661139585,0.2646594458432986,-0.17151148947754885,-0.2162238233208404,-2.013998420716984e-16
-1.1212156864879297,0.8067926125367602,-1.0727483205275279,0.41790860201705204,-0.540846930431661,0.6823205904120873,-0.35613616278608035,0.9105450414028547,0.00044901657333194117,0.26527172102654933,-0.47559249680417937,-8.283932504999583e-17
-0.5174816704070683,0.6314210382465667,-1.226601574306909,0.28007205377858163,0.18172663675350087,-0.07998959977088306,-0.7076807188368264,0.5346564089874303,-0.941053322452756,0.6404761069324988,-0.00985223642979317,1.1134337936526527e-16
0.25887115986508064,0.6453070095048828,-0.9953561982996464,-0.1175194973638533,-1.2777978613307501,-0.6424732515774376,0.19280084673729728,-2.3827924773291698,0.33412368025197037,0.21053967145858585,-0.0569054234566472,-1.755630309305675e-16
-0.9684064074222952,0.513262782680436,-1.254071329364481,0.2113528893361837,0.06277407229323588,-0.07472238839692372,-0.7413630785240353,0.9384980580072958,0.14512838194230748,0.0972579132333005,-0.266525967142864,1.4277930160671837e-17
-0.3498922890241466,-1.1053974423917474,0.36601143498880107,2.174482317305777,3.085341629380923,-1.184620985308755,-0.1118451574617779,0.3076634021987452,-0.4252450129932489,0.19198333463744385,-0.35449311369884945,2.7420723092075143e-16
-0.7849996856106574,-0.8586663297246802,0.8431473728188956,1.8999398310969957,0.283308113921101,-0.12874933381148101,-0.8154551360941109,0.9743035162433523,-0.24334683325069742,0.38522474195970974,-0.23808313418428687,3.2895421237250763e-16
0.7527293664074666,0.03234590664954006,-1.6961880113499817,0.26341444359667066,-0.716422066642885,0.12397804537722316,-0.11164746145861822,0.5605891735699,-0.42318954028630895,0.8215354712407971,0.5303349244192602,-1.1910183179560033e-17
0.27771811192434936,0.7822560327887339,1.3021886571396097,0.9697042829366694,1.2536992147450874,0.598181479798941,-1.5858188946178504,-2.0746952751789434,-0.41450696232970186,-0.612744833832322,-0.021256160023722007,-3.36341398527969e-16
0.8034896452169891,-0.1756804868611652,-2.331114816303496,0.10007599634506188,0.05563972342746777,-0.29111427803575424,0.2843748378144525,0.7217166894043642,0.6513417372378405,-0.15113956158521077,0.20992864985161258,1.344670784951583e-16
0.09394728524825094,0.37244412402408184,-1.1646814294101455,-0.008854117458113922,-0.7303099408874126,0.715625305751783,-0.994464092827874,-0.6118181843735306,0.6445378444160813,0.22424219334063691,0.32040407279478583,-2.788391789884192e-16
0.04877215300031178,0.7097086198895293,-1.8463390678910836,0.05268033872251131,-0.040195664968865216,0.06501504892095192,-0.40079158069614085,0.25920094090647894,-0.6933286493612622,0.0021951366091806966,-0.6180882680845231,-1.3234491725607395e-16
-0.6809486585839107,0.002213826184279561,0.6578852407328799,1.4362830536803812,1.627941405564682,1.0365449679076524,-0.8709800969914379,-2.135960239069119,0.7337289070631295,-1.0643195813764859,-0.19179739810018348,-2.9381557344871377e-16
-1.5462375769041254,0.25635003752472274,0.5057257840955088,1.4218131697924317,-0.9828123999609927,1.0838625469803582,-0.6536807586304463,1.0640167390131121,-0.6785829229931302,-0.5595365656337133,-0.15323692637264077,-1.5155956658831037e-16
-0.812816971296841,0.6090321631509047,-1.6361212273131884,0.15788382202664422,1.1515090426469474,-0.4729054535125052,-0.4966891967382797,0.6129262615078381,-0.12404618001340151,-0.24154270269086514,-0.37282051864512067,-4.97295517033426e-17
2.5060673809633194,2.4422234175926305,0.685660391917649,-0.4957493777856604,-0.1357305061564897,0.6926899468184423,-0.8518830137811041,-1.2441454439457622,0.5822697719529792,0.47428151383196737,0.20947837265284328,1.737815058229897e-16
0.6461673495466718,0.3676061019704683,-1.2839543019805317,-0.06909262035345323,-0.30300876746955013,0.8715763232836411,-0.9574764104427872,-1.6602846911094162,0.8528746337668062,0.05730270479633678,0.21708346652833865,-2.549335104724986e-16
-2.5430184876390447,1.440057181105031,-0.0736079823361051,0.15240808660771696,-1.7632830360096472,-0.5729967168237284,-0.1937369290171637,-0.019715910044982812,-0.47305569509229084,0.448503270735608,-0.08093225992448048,-2.972523537655898e-17
0.09582766152868585,2.218880390482824,0.44613501310546877,-0.21833633138142955,3.0517049503834404,-0.07668462182821442,-0.9421165370063544,-1.549941136612147,1.2104718924525764,-0.44580478002512147,0.5846683495144127,-3.085395982055256e-16
1.433077898982068,-0.11701685861714634,-2.492750228755089,-0.0887561006145547,-0.35603005469887233,0.10472282733876553,0.3223318045290846,0.03113091022364507,0.4482140977217524,-0.10604797228845225,0.8030540391958628,-7.298182417755236e-17
0.6670409350509485,0.17292699086742608,-2.185225573165299,-0.0734832131432474,-0.7629047615442489,0.09162776189574809,-0.011605235580633082,0.7462356034990112,-0.11842196584831459,0.08577025840821934,0.6936041645317096,4.777427023602374e-17
1.7175488297051562,-0.47141223794285736,-2.305036943439241,0.4632885703093597,0.6063014633163822,-0.44048681942693946,0.6949408498532134,0.13976936867637416,0.04829624414499206,0.6056114078788782,0.1674665696685983,-2.3633891156534893e-16
-0.8173398701600048,0.016748629308257594,2.22619993936311,1.4211255591041527,-0.059296046620745425,-0.6814973134018532,-0.5493757577939761,-2.4628017637287916,1.1993062296141854,-0.10137665451067852,0.03651950059577426,6.431211384294797e-18
-3.0412543889211645,1.1066207115067879,1.5148777271985152,1.3010939902318464,-2.4243799995276625,0.2874212981580686,-0.03026094135758202,0.20105170114850124,-1.4607633065011651,-0.2348530656859519,0.47069090521605395,-1.6991020518216797e-16
-0.7764780145524889,-0.8683452296449203,1.0438364065559917,1.7219338919152707,-0.6921986292179341,0.32282095167853087,-1.1996136100072858,0.81483175534951,0.20219402080465443,0.3624155267232807,-0.016300633874061197,1.4236323181532007e-17
0.6332139629888982,0.18520976922489016,-2.564256401992518,-0.25691678731522816,-0.44383265807005534,-0.05953005012342899,0.16206952959704535,0.827493807668884,0.24524523014045707,-0.47156135064589755,0.814877903193333,-7.815264745972301e-17
-0.0828757252321127,-0.928059441243256,-0.4923810512278506,1.4185043088345197,1.343388961679081,-0.7120408064629494,-0.13113719299308316,0.8030648586862247,0.2375949630855407,-0.9563592094112983,-0.13873722430798976,-5.512481001471538e-17
-1.60697781374906,1.0103570925338472,-0.8733613292295533,0.14004373278295282,0.10221592190373983,-1.774114372893049,0.2646395930661867,-0.342245086304357,-0.6862105627289394,0.1656660660229864,-0.30098793253579187,5.916724669371499e-17
-0.048104610863773975,0.08933818044529486,-1.9091544390023267,0.27821806720289666,0.8341972373705375,-0.46466075881776464,-0.025537210809835086,0.6953019984915834,0.6013658191445964,-0.20108141661720114,-0.5001888727872996,-1.0609355135433656e-16
1.2365890568607183,-1.0528094121130573,-1.006126061685009,1.1506689665503922,-0.433590636921629,-0.10787066923078929,0.2118311124855743,0.7419298318227436,-0.2972076463946207,-0.6518688376750564,0.6206736601161984,-5.292197908421742e-18
-0.2856598466445599,0.25194240869524537,-1.513225945757984,0.14584984256794348,-0.4261623458919745,0.005056653662255638,-0.5193303869321211,0.9038450431114934,0.23814424089374472,0.20545907487499174,0.08547228130057634,2.1935138236156346e-17
-1.1408956835757584,0.8041738402287135,-1.3551528097631924,-0.18515250189736876,-1.323485973925674,-1.4001505295715415,0.4401216863108339,0.10999675000043088,0.10916809842164517,-0.30866262306566394,-0.12228015948078412,-1.1021928007967826e-16
-0.20154207302197685,-1.2645658730979885,0.6264209702076377,2.1410168655771455,1.4470133963406289,-0.6778374093984241,-0.38110718275365507,0.672489504541895,-0.12182887419265147,0.5226390919429105,-0.36894123847661936,2.2477532770075154e-17
1.2291137401198555,-1.0707541409768424,0.3811314923003144,1.889726909006485,-0.16064817169991774,0.15581926969626608,-0.378567276625735,-0.2799419080692154,-1.300937290729393,1.0686660771314151,0.023849558902690814,-4.148144764160044e-17
-1.704404772277292,1.0632087756599273,-0.9004504432630542,-0.0006053815322305488,-0.903174984865582,0.4405399901852863,-1.2998661238430773,1.136623090676709,-0.3878815150953598,0.11612438369551613,-0.08434014853164953,-1.2482944714970115e-17
0.377355559102579,0.3019277324316616,-1.6276417187987562,0.3045864109449747,0.591133217543631,-0.14964634380910508,-0.2863494567633069,-0.09850057262573256,-0.4232187357121106,0.44380483862201353,-0.2273566245890265,5.73690116055529e-18
-1.8681560856848765,-0.418903684205324,1.68555449303294,1.6222455175416848,-1.640300763267319,-1.1585936367351886,-0.4409434679325831,0.25334758738597174,-0.2887978885565166,0.5191031336121459,0.07238328168654433,5.585749325666846e-17
0.13373785639324273,-0.6852199157640422,-0.4072907175243369,1.1610853374035297,-0.5330880047369376,0.015367158975795965,-0.47770537898961585,0.9101608158744664,-0.2199713209258021,-0.7278754643003845,0.050854069292807995,-4.78507280446377e-17
-0.8739765700247942,0.8220988845799304,-1.1558222249015515,0.026726167264838403,-0.8320477693456761,0.3835268471639746,-1.0587551648590752,0.689783089476285,-0.42113507512639575,0.24263750842523432,-0.16550476819278978,-8.110955093978815e-17
-1.328918663691956,1.0551887139155371,-1.2069142289426185,0.12961405333619802,0.8124373398920075,-0.22838080939321065,-0.9775926377262266,0.562737154158134,-1.0198336074061904,0.11085426382419379,-0.26837035437014894,4.579122060253311e-17
-3.0792619136078088,2.4196887510067557,-0.7508721697206292,1.736180841176217,-0.3241575521984913,4.005582874420601,3.0983078831468256,0.9952924889312594,0.5820395768837043,-0.2576038985030733,-0.8685739826240857,-1.294100208301005e-16
-5.4217358666560385,3.921022782228942,0.40500145731582293,3.3532208623439352,1.8645101203899095,4.514474102479738,7.461017250313994,-0.46855666577235555,-0.5007026961050354,0.5096911419030992,0.4570585279899759,-5.962718591707893e-18
-1.9058307348807295,1.2737405543354396,-0.4164987079146232,0.3880970312411181,0.8818562016826746,0.017136417730716016,-1.2773455898808095,0.4588223123777433,-1.8810087814583725,1.0175036997488527,0.6260557402867271,1.0879196870269252e-16
-0.5576316777026259,0.613609987234801,-1.2033522502374954,0.29199643191376795,-0.17608159946283242,0.30612599812990937,-0.6290542589312692,0.37963765420165,-0.12944689361583753,0.31723413666806927,-0.4913482933637112,-1.7473816617593998e-16
0.042728452002518506,0.04690103357684881,-1.6833035376289942,0.15626121052166111,-0.13618300031826497,-0.03430404876823882,-0.32845899470882356,0.5937098686252428,0.8034038053646257,-0.012364067963810354,-0.03501331332904955,-1.1795109638618498e-16
3.020051131427984,-1.0760870402704457,-1.51499623695003,1.3928771991591202,-0.5702123615534564,-0.03582806120487468,0.7570496821937849,-0.23928034402104154,-1.5303567388971289,-0.15359965648807342,-1.128166943802281,-5.108720772491604e-17
-1.2115528370206656,0.5231180776591648,-0.5314219879547035,0.06281877729345259,-1.4873948919028976,-1.0615375052189717,-0.00489192104404814,-0.5093693411664514,0.6815125118413116,0.35776934489812534,0.2924019494674698,-1.9646261072353005e-16
-0.9725595553621804,-1.1440346100986665,0.8382741235783353,2.049933291897603,1.4684284785644215,-0.5282051331444784,-0.5167849052351047,0.966136993294088,0.34302997194028845,0.2791153863422467,0.3671421493968986,6.883564110915047e-17
-2.1246037489606255,-0.039217996619398586,1.2651118823528167,1.3606241000478532,-1.4748762427098443,-0.9451408196830234,-0.21089329953986632,0.16534664581120026,-0.1042808253039441,-0.28274786833485727,0.04368269675833656,-1.635402233667439e-16
-1.3209886953645762,-0.9188456558430047,1.1446605825375746,1.9909209548879834,0.5236748468659624,-2.006277950875033,0.5422340800239922,0.02362312285578674,0.24659856271633926,0.2514798519685882,-0.3074578073663221,6.513248793923432e-17
0.10375775625546042,0.3388794347587841,-1.902483265539991,0.02876484715828101,-0.38500019704775656,-0.03377206466731397,-0.301826301676331,0.771737703855834,-0.07548151207724879,0.0077220760427999195,-0.04265683736823109,1.5137882142443317e-16
0.8920044897462057,-0.8240498050348425,-0.5889797092279453,1.1918706211320738,-0.5683492668812167,0.10696595013383513,-0.2441019096888048,0.40838883312776036,-0.4094432105245456,-0.5281281651449292,0.11088767405570102,-1.4520214744910655e-16
2.364796408850487,-1.3348258888379434,-1.4564890383877747,1.1981496266237128,-0.5153610794653538,-0.1127531966145641,0.7836464546831072,0.4389949071156891,-0.6275366763784833,-0.3858221993874746,0.9081761736688879,-3.336096101412897e-17
-1.706218584285023,0.9196248436758561,-1.1811850999092839,0.1626017909538281,1.3579253551791135,-0.3386977065583091,-0.7924241647281722,0.7464438585833447,-0.40045280146186674,-0.09854127586076132,0.3977642197055577,-1.1990433928318787e-16
0.18917991187745337,0.2249899993867575,-1.6503199905361694,0.20097054862247468,-0.19472663068545631,0.006950154919183583,-0.35751426164087274,0.44627131467286024,0.06678493867947503,0.26000684445108085,-0.2324410497267331,-2.3223118025704033e-16
-0.8767035715829202,0.35098323951513405,-1.2090474962422884,0.12696982453347094,-0.2688629193719685,0.051180100466162684,-0.8515416339037334,0.8729920635180568,0.6368604960804897,0.04632213540277665,0.05936186960502979,-6.324511772911724e-17
-0.7552491216903164,0.6416760909282577,-1.0735854425123141,0.1429339527306128,-0.5360030873305555,0.28167158893146066,-1.003570002686892,0.5448266368227601,-0.2068680336791978,0.3687505733690112,-0.15116636182515047,-1.560855978078551e-16
1.3878534707532624,-1.8617512773231808,0.11411963166820427,2.2191474576125394,0.05132204687193822,-0.3071095831116734,0.2945802223527528,0.6936213059911249,0.2814175713319474,0.8099703064851232,-0.6825137891016126,-7.299744617007338e-18
0.758177566849815,-1.0344300217327544,-0.7152590836546365,1.2310299718907032,-0.22758925232847363,-0.15651231257790696,-0.04040520456036136,0.7863264240714307,0.07775956393391115,-0.7233907673876198,0.24489864268407086,2.659345491705306e-17
-1.5926716828497829,-0.2912107929533148,0.45450479200586524,1.4864252813983836,1.4816211928495888,-0.0772830862477379,-0.5823901028851978,0.698937289461373,-0.22130064147166972,-0.5856956296647743,1.3185807873650328,4.391569757548806e-17
-0.0636855358999071,0.892268368537685,-1.2413743841769325,-0.19914849292137282,0.5010285476818298,0.6970531066355239,-1.215862288395219,-1.8017923865468872,0.2143058036601324,-0.24283737190494314,0.20681928276413206,-4.0425623889708225e-16
-0.45304587179639094,0.9033837794614504,-0.7605339531870279,-0.3709523890265833,-0.5880989411453424,1.2153436832814088,-1.7425005838386307,-1.6987781944967322,1.276123917719018,-0.40361228302549956,0.38663393074886654,-2.877421038002515e-16
-4.357476523402336,3.6135276363106117,-0.18974927415249712,2.6528207970274797,0.28701045619146687,5.9739979019873335,4.983130584960281,0.6307009612845128,-0.15216816029905644,0.06491893257889915,-0.5155393322961556,-1.562915136055566e-16
0.026248458977986732,0.19180976433492794,-1.8552406272947097,0.046124542554550195,-0.35637128718575833,-0.06110996924160448,-0.2791627125238249,0.8816315079052375,0.3143434885845889,-0.023859636446776623,0.19873748899333274,-9.369911177934576e-17
1.6859732086009884,-1.160591737573466,-1.2022967287104913,1.1606364288256166,-0.4903463834738904,-0.10333244265450013,0.38169532520518895,0.5567657411265678,-0.23569147448973646,-0.6854566267293712,0.32455712388705243,-1.3200066547771413e-16
3.9773210093241387,2.0834759094487576,1.728098204533596,0.3615359238015266,0.4625866544055375,0.35731749647215943,-0.3561831049489221,-1.4053951888395413,-0.4585354070330499,-0.5732121209516575,-0.08966917069887098,2.5215514120812053e-16
-0.36555437794190937,-0.501807494911865,-0.1047013600141925,1.1020989062377589,-0.6828820640126959,0.15637101044945884,-0.8308402567366961,0.932567911288702,-0.256260135165681,-0.699207167782015,0.28121091553478855,3.1630608817652955e-17
3.2627679700651453,3.621533810172399,3.6737588881910073,-0.0355462967304344,0.9082416725623301,0.004581914521446749,-0.8679266134785246,0.04990701035840846,0.7609203097560092,-0.950163174563121,0.3966217051537377,3.0060006939493455e-16
0.498982734581677,0.2366742428973811,-2.293630652465075,-0.049119105308225434,-0.20004382761139514,-0.14681785011678142,-0.0008397577153363442,0.6984533532424417,0.06592919553914148,-0.2542764738025213,-0.0389295812588642,-2.1274056302550206e-16
-0.3807937161819941,0.5901288301617326,-1.4603983799688454,0.0028906868707921905,-0.7743863193667831,-1.4303192505378686,0.75281016688812,-0.660343843187357,0.1515955182300893,-0.1243938447287066,-0.4647107570363061,-2.6085147124498587e-16
-1.1862719915759445,0.8200432075644085,-1.2928680943375404,0.3540381180967336,0.7034913951648251,0.030627152028816045,-0.3966348482693235,0.7315216948799365,-0.23213060068721825,0.010979443590349917,-0.48828582976101137,6.17646667089468e-17
-0.9586305263235364,1.027538130024252,-1.247929844473561,0.23374550498956254,-0.6772278369074283,0.8171683002814947,-0.437073259498848,0.5943441669619794,-0.3050767607425465,0.07775256628495225,-0.5194013310144125,-7.713235529266661e-17
-1.9197917165155836,0.8132891698745267,-0.7799301897251976,0.2480781580624366,0.7945962592862055,-2.055399340225595,0.31980866505544564,-0.22986117042808152,-0.08411708541360807,0.02776905419328864,-0.19078884867130516,-1.0271575867521317e-17
4.282578955523189,2.1997494338071357,1.6438857534551623,0.28671311432628005,-0.46771224981155024,0.7618793539014724,-0.4893280209635168,-1.6200979002517892,-1.3344023298424226,-0.2036851762291646,0.03664191762435482,-6.400208984886527e-16
-1.0302480117096697,0.32941083879348,-1.144594058910282,0.023800831848631403,-1.2401185400096586,-1.4790850452935727,0.5389241088928316,0.19044986835276242,0.9472447248750853,-0.09630212128411797,0.05247171692463647,-4.536467762696138e-17
0.101753000338469,0.39556723337947935,-1.509608583639335,0.03450881924623081,-1.465035750779395,-1.3925923061855403,0.9350912675048247,-0.2730958345217901,-0.48205652871478555,0.4920251232013144,0.38521402047728687,-7.32701574800139e-17
-2.152067428058858,1.002857216151316,-0.6057793712195938,0.19163719971592177,0.4509589992529847,-1.8402339719894572,0.16296416383084678,-0.16550265054427302,-0.4633207729716185,0.20768761619605336,0.27614836700719364,-8.399513885617184e-17
-1.5916613471621546,-0.19950794530460522,0.201578440931171,1.5203470333800253,-1.1379604439562672,-0.5831649402729402,1.5640547079191858,0.5317824940821779,1.0940517898684023,-1.2846389633526332,-0.3247671267075478,-4.603614274338091e-17
0.4109086008489551,0.2745694002941877,-1.777188789693016,0.17416326710180752,1.6127619123740666,-0.2091516439065746,-0.269069959093459,-0.9702324373746493,0.4180108743046542,-0.178636627422166,-0.10168921669881169,4.371300047708038e-17
-1.0539418373640868,0.34009657204888344,-1.2312417591906395,0.5958001266726701,2.8142821183089497,-0.9553276036329466,-0.24183443744916797,0.37487070913633025,-0.21711050043874053,0.33480168027851637,0.4203613145959444,-1.3259295907415615e-16
0.11830542920533535,0.21426643045005808,-1.987301504199538,0.056611999708275164,-0.24985295804870739,-0.10807666604743643,-0.18095830868915758,0.8490585387772481,0.33365825679547095,-0.1627959608257232,-0.20424154163391975,-1.117057673806563e-16
-0.47549644002672814,-0.5820659994542788,0.14699906834615045,1.127814695831565,-1.3401527951991843,-1.417297832429099,0.5124183770347361,-0.023224334010934187,0.007353191892076431,-0.6171821134792419,0.24007020051444172,-6.354124358504026e-17
0.3955655500298074,-0.05585460699317083,-1.8397692476597287,0.2686590612740573,0.09581771961505345,-0.2443267386345662,-0.0019638958110362276,0.7381159312826066,0.2138788395233736,0.32988808102108447,0.3012156949700813,6.667691182785901e-17
-1.7411278259850675,0.7031624300750628,-0.7630495711017596,0.4802684624718625,0.5836931452702514,0.056556795798093515,-0.736892362556315,0.9880798133069839,0.12261556611342868,0.3069149874705519,-0.16822912105059565,-1.8791535431501324e-16
-1.1385516119968355,0.9083756890198394,-1.1213138301816983,-0.310970320430189,-1.299340691118501,-1.0999376103900702,0.09871390031649623,-0.6617229171216864,0.2948659731931334,-0.33008529072137216,0.3022861650537863,-9.057225764063997e-17
0.38476969099334574,0.30202609510649053,-2.024410432802781,0.1785281208787713,0.1369680313401969,-0.12834068207664992,-0.04042445954101816,0.44671540835563467,-0.06969869471566142,-0.03444688417329338,-0.6476135781565261,-2.4902242969769355e-17
2.1466158365590475,-1.989553483679168,-0.5856886798497719,1.9530792917836224,0.3899337618111949,-0.4949724775468063,0.7884807315033044,0.4847827311502119,0.06180765012160763,0.5509098933610841,0.4381987727079794,5.5180629568029076e-17
-0.6249327903471145,-1.1269523759131557,0.7773078386859247,2.1061814553791356,0.5179392885642127,-0.10325489368806358,-0.36951989934707663,1.0328026230276421,0.3915481218350058,0.34162486309286955,-0.37237625631603105,1.5113464604214433e-16
1.2661798644595295,-0.6417821314961369,-0.5043330000546384,1.0704214608485034,-0.4778596497251139,0.48907980620423214,-0.4838422273393269,-0.7748701311911038,-0.4205927529980255,-0.5976029877753913,0.06314294145407602,-1.7507860408347266e-16
-1.9684282442825476,-0.0926636251863267,0.887836152316558,1.1088666467254629,-1.7095256577568085,-1.203432996663832,-0.2676789584424612,0.5143595494117372,-0.10957521000500554,-0.5970277709266008,0.10084814000995332,-4.141880786111037e-17
-2.3128076650968823,1.1898944664868696,-0.1642895471009232,0.515101593670016,-1.6274509290526455,-0.4559633012529858,0.5624273294059474,0.25251691196645343,-0.10978390145206654,0.6052212827059618,-0.3122299404611581,-1.0178704259945195e-16
